--- LSP Grids ---,,,,,,,,,,
Grid,Algorithm,Lookahead,20% Expansions,20% Time [ms],16% Expansions,16% Time [ms],12% Expansions,12% Time [ms],8% Expansions,8% Time [ms]
6x6,XMM,-1,108,115,146,178,208,262,829,"1,176"
,XMM,1,108,118,146,180,208,256,829,"1,429"
,XMM,2,108,117,146,183,208,246,829,"1,139"
,XMM,3,108,124,146,194,208,254,829,"1,269"
,XMM,4,108,113,146,178,208,277,829,"1,119"
,XA*,-1,96,76,170,132,171,165,"1,071",901
,XA*,1,96,78,170,134,171,163,"1,071","1,015"
,XA*,2,96,80,170,136,171,155,"1,071",883
,XA*,3,96,86,170,143,171,162,"1,071",967
,XA*,4,96,75,170,134,171,171,"1,071",879
,BiXA*,-1,90,44,148,86,230,131,"1,827","1,159"
,BiXA*,1,133,149,237,282,354,449,"2,655","3,304"
,BiXA*,2,46,33,91,62,122,93,999,831
,BiXA*,3,39,112,50,208,80,339,638,"2,445"
,BiXA*,4,25,57,40,96,63,152,499,"1,494"
,XDFBnB,-1,96,52,172,92,193,122,"1,167","1,171"
,XDFBnB,1,96,52,172,153,193,131,"1,167",658
,XDFBnB,2,50,77,90,91,98,128,603,714
,XDFBnB,3,34,101,56,125,65,163,395,822
,XDFBnB,4,27,113,47,156,49,282,306,"2,309"
,BiXDFBnB,-1,106,52,149,88,250,143,"1,842","1,922"
,BiXDFBnB,1,163,177,240,502,407,545,"2,659","3,471"
,BiXDFBnB,2,52,41,91,55,132,96,"1,007",720
,BiXDFBnB,3,44,131,50,239,85,343,639,"2,278"
,BiXDFBnB,4,26,78,40,88,66,192,501,"2,421"
,XIDA*,-1,115,74,218,136,203,146,"1,307",767
,XIDA*,1,115,72,218,137,203,165,"1,307",760
,XIDA*,2,59,79,114,136,104,148,676,823
,XIDA*,3,41,90,70,176,68,179,441,980
,XIDA*,4,32,115,59,238,52,264,342,"1,397"
,BiXIDA*,-1,111,58,177,115,255,202,"2,137","1,289"
,BiXIDA*,1,173,214,317,414,407,620,"3,127","4,138"
,BiXIDA*,2,55,39,106,78,134,105,"1,155",874
,BiXIDA*,3,45,153,59,274,86,376,733,"2,818"
,BiXIDA*,4,27,72,47,129,69,184,584,"1,460"
6x7,XMM,-1,93,123,228,272,357,472,"2,130","3,631"
,XMM,1,93,122,228,273,357,453,"2,130","3,718"
,XMM,2,93,128,228,311,357,461,"2,130","3,768"
,XMM,3,93,124,228,277,357,460,"2,130","3,677"
,XMM,4,93,127,228,273,357,485,"2,130","3,683"
,XA*,-1,82,81,152,154,312,308,"6,056","5,515"
,XA*,1,82,80,152,151,312,297,"6,056","5,530"
,XA*,2,82,84,152,159,312,298,"6,056","5,622"
,XA*,3,82,80,152,157,312,300,"6,056","5,484"
,XA*,4,82,82,152,150,312,307,"6,056","5,533"
,BiXA*,-1,116,81,178,128,428,344,"8,060","5,593"
,BiXA*,1,203,311,408,547,"1,031","1,554","12,622","17,877"
,BiXA*,2,60,61,88,76,213,235,"4,005","4,174"
,BiXA*,3,45,194,63,263,160,818,"2,971","14,280"
,BiXA*,4,30,86,45,124,109,378,"2,050","6,473"
,XDFBnB,-1,81,64,161,118,339,234,"7,531","4,538"
,XDFBnB,1,81,58,161,111,339,237,"7,531","4,475"
,XDFBnB,2,39,59,79,108,162,223,"3,789","5,632"
,XDFBnB,3,28,76,54,132,113,292,"2,488","7,034"
,XDFBnB,4,24,93,38,159,80,360,"1,902","12,865"
,BiXDFBnB,-1,121,79,196,127,454,324,"8,155","5,133"
,BiXDFBnB,1,213,321,425,570,"1,050","1,583","12,644","17,212"
,BiXDFBnB,2,62,54,95,80,220,215,"4,049","4,290"
,BiXDFBnB,3,46,188,69,288,168,813,"3,006","15,770"
,BiXDFBnB,4,30,80,48,145,111,350,"2,070","8,112"
,XIDA*,-1,126,94,195,133,415,308,"7,894","4,886"
,XIDA*,1,126,96,195,138,415,297,"7,894","4,905"
,XIDA*,2,60,124,96,136,202,294,"3,974","5,049"
,XIDA*,3,38,114,64,181,139,383,"2,610","6,274"
,XIDA*,4,34,174,46,217,99,469,"1,992","8,450"
,BiXIDA*,-1,153,112,225,154,538,417,"8,866","5,818"
,BiXIDA*,1,301,476,543,800,"1,290","2,054","14,120","20,080"
,BiXIDA*,2,78,80,111,102,262,282,"4,405","3,847"
,BiXIDA*,3,58,276,83,362,199,"1,020","3,248","14,785"
,BiXIDA*,4,37,122,57,181,134,461,"2,247","6,023"
6x8,XMM,-1,148,194,920,"1,399",845,"1,420","9,929","18,737"
,XMM,1,148,197,920,"1,393",845,"1,391","9,929","18,908"
,XMM,2,148,198,920,"1,392",845,"1,389","9,929","18,502"
,XMM,3,148,194,920,"1,434",845,"1,359","9,929","18,590"
,XMM,4,148,198,920,"1,373",845,"1,408","9,929","18,527"
,XA*,-1,114,120,846,869,"1,108","1,180","24,910","23,585"
,XA*,1,114,120,846,878,"1,108","1,161","24,910","23,278"
,XA*,2,114,120,846,873,"1,108","1,163","24,910","23,012"
,XA*,3,114,119,846,888,"1,108","1,124","24,910","23,000"
,XA*,4,114,122,846,874,"1,108","1,184","24,910","23,013"
,BiXA*,-1,112,122,"1,552","2,111","1,086",816,"35,487","25,716"
,BiXA*,1,213,325,"2,941","4,329","2,447","3,636","53,911","73,208"
,BiXA*,2,57,59,825,841,556,"1,056","17,894","18,608"
,BiXA*,3,37,190,520,"2,094",374,"2,939","11,840","55,212"
,BiXA*,4,31,81,395,"1,296",286,"1,536","9,369","29,475"
,XDFBnB,-1,126,94,976,832,"1,214",867,"35,499","22,475"
,XDFBnB,1,126,98,976,683,"1,214",880,"35,499","22,161"
,XDFBnB,2,63,95,489,697,598,841,"18,294","23,259"
,XDFBnB,3,40,138,309,794,410,"1,120","11,867","44,226"
,XDFBnB,4,29,173,236,"1,341",305,"1,467","8,973","37,291"
,BiXDFBnB,-1,133,99,"1,591","1,440","1,103",864,"36,126","24,716"
,BiXDFBnB,1,277,418,"3,174","4,641","2,466","4,075","57,707","83,427"
,BiXDFBnB,2,68,63,844,658,562,567,"18,200","16,220"
,BiXDFBnB,3,46,215,535,"2,141",377,"2,011","12,182","84,409"
,BiXDFBnB,4,35,133,399,"1,096",288,951,"9,485","26,753"
,XIDA*,-1,204,217,"1,179",902,"1,308",935,"37,942","24,323"
,XIDA*,1,204,165,"1,179",874,"1,308","1,126","37,942","24,574"
,XIDA*,2,102,274,604,996,638,"1,162","19,572","25,601"
,XIDA*,3,66,242,384,"1,156",418,"1,524","12,677","30,496"
,XIDA*,4,50,257,299,"1,380",308,"1,660","9,623","42,169"
,BiXIDA*,-1,176,176,"2,001","1,435","1,186",948,"39,441","27,440"
,BiXIDA*,1,353,573,"4,355","6,922","2,693","5,278","62,502","93,591"
,BiXIDA*,2,88,121,"1,041","1,000",605,759,"19,838","18,186"
,BiXIDA*,3,58,318,690,"3,380",408,"2,677","13,372","62,265"
,BiXIDA*,4,46,135,512,"1,313",312,"1,091","10,445","31,435"
7x7,XMM,-1,158,216,816,"1,197","1,880","2,980","10,199","18,136"
,XMM,1,158,216,816,"1,231","1,880","2,963","10,199","18,380"
,XMM,2,158,211,816,"1,242","1,880","3,019","10,199","18,392"
,XMM,3,158,218,816,"1,229","1,880","3,023","10,199","18,436"
,XMM,4,158,215,816,"1,226","1,880","3,009","10,199","18,208"
,XA*,-1,141,127,874,838,"1,585","1,771","19,676","21,733"
,XA*,1,141,125,874,853,"1,585","1,762","19,676","21,921"
,XA*,2,141,124,874,859,"1,585","1,798","19,676","22,040"
,XA*,3,141,125,874,862,"1,585","1,800","19,676","22,017"
,XA*,4,141,126,874,854,"1,585","1,792","19,676","21,868"
,BiXA*,-1,140,120,"1,364","1,022","2,604","2,091","25,996","23,519"
,BiXA*,1,291,481,"2,126","3,037","5,128","8,116","57,287","92,252"
,BiXA*,2,70,85,686,704,"1,351","1,395","13,484","15,020"
,BiXA*,3,54,346,475,"2,335",866,"4,643","10,219","52,978"
,BiXA*,4,35,150,346,"1,068",672,"2,233","6,877","25,419"
,XDFBnB,-1,153,138,"1,056",991,"1,659","1,256","26,054","17,991"
,XDFBnB,1,153,113,"1,056",740,"1,659","2,007","26,054","17,991"
,XDFBnB,2,76,151,521,904,820,"1,256","13,396","18,534"
,XDFBnB,3,50,196,354,914,554,"1,664","8,937","21,957"
,XDFBnB,4,39,186,260,"1,174",408,"2,852","6,716","36,994"
,BiXDFBnB,-1,165,214,"1,430","1,353","2,692","2,020","26,012","19,120"
,BiXDFBnB,1,344,559,"2,154","3,229","5,356","12,317","57,303","89,876"
,BiXDFBnB,2,81,101,719,794,"1,401","1,345","13,492","12,385"
,BiXDFBnB,3,63,391,494,"2,296",887,"4,685","10,223","45,138"
,BiXDFBnB,4,39,126,353,961,686,"2,620","6,880","22,569"
,XIDA*,-1,173,132,"1,208","1,061","1,693","1,318","30,447","29,589"
,XIDA*,1,173,170,"1,208","1,032","1,693","1,315","30,447","21,229"
,XIDA*,2,86,232,602,898,834,"1,313","15,693","22,037"
,XIDA*,3,59,214,404,"1,119",567,"1,728","10,401","26,307"
,XIDA*,4,44,222,300,"1,457",416,"2,304","7,870","36,440"
,BiXIDA*,-1,179,156,"1,648","1,385","2,680","2,063","29,324","32,014"
,BiXIDA*,1,353,706,"2,589","4,632","5,894","9,839","70,147","113,142"
,BiXIDA*,2,90,183,829,836,"1,389","1,355","15,135","14,520"
,BiXIDA*,3,67,490,567,"2,848",883,"4,687","11,600","53,754"
,BiXIDA*,4,43,155,422,"1,250",684,"2,112","7,789","23,719"
7x8,XMM,-1,283,444,"1,830","3,073","6,722","12,641","20,298","45,254"
,XMM,1,283,471,"1,830","3,074","6,722","12,603","20,298","43,933"
,XMM,2,283,442,"1,830","3,128","6,722","12,540","20,298","44,761"
,XMM,3,283,439,"1,830","3,147","6,722","12,544","20,298","45,381"
,XMM,4,283,449,"1,830","3,132","6,722","12,378","20,298","45,838"
,XA*,-1,274,310,974,"1,243","13,791","14,913","62,237","62,390"
,XA*,1,274,315,974,"1,244","13,791","14,852","62,237","60,961"
,XA*,2,274,310,974,"1,275","13,791","14,789","62,237","61,586"
,XA*,3,274,311,974,"1,267","13,791","14,826","62,237","61,884"
,XA*,4,274,321,974,"1,267","13,791","14,658","62,237","63,832"
,BiXA*,-1,360,284,"2,543","2,012","20,400","17,993","90,889","69,573"
,BiXA*,1,694,"1,103","4,547","7,434","38,368","58,426","178,164","250,198"
,BiXA*,2,181,192,"1,266","1,396","10,141","10,306","45,619","42,639"
,BiXA*,3,123,690,874,"4,680","7,604","35,474","30,528","154,317"
,BiXA*,4,90,299,634,"2,024","5,038","16,022","22,878","71,348"
,XDFBnB,-1,291,412,"1,184","1,050","16,926","13,181","75,605","58,168"
,XDFBnB,1,291,259,"1,184","1,616","16,926","15,616","75,605","58,609"
,XDFBnB,2,148,262,594,"1,614","8,410","12,427","36,608","54,976"
,XDFBnB,3,98,535,397,"1,284","5,639","18,734","25,307","74,501"
,XDFBnB,4,73,422,297,"1,769","4,251","24,195","18,242","96,011"
,BiXDFBnB,-1,370,529,"2,576","2,095","20,446","15,927","90,905","71,064"
,BiXDFBnB,1,716,"1,237","4,598","11,447","38,487","72,999","178,225","296,861"
,BiXDFBnB,2,185,199,"1,281","1,841","10,162","9,893","45,627","45,162"
,BiXDFBnB,3,127,"1,047",885,"4,561","7,627","41,260","30,530","157,547"
,BiXDFBnB,4,90,293,641,"1,974","5,046","17,945","22,882","73,844"
,XIDA*,-1,339,305,"1,464","1,335","19,465","23,918","79,139","63,509"
,XIDA*,1,339,346,"1,464","1,735","19,465","17,111","79,139","62,365"
,XIDA*,2,174,344,734,"1,382","9,595","15,159","38,392","58,931"
,XIDA*,3,115,411,490,"1,698","6,466","18,665","26,474","103,555"
,XIDA*,4,87,546,367,"2,322","4,842","24,030","19,141","141,461"
,BiXIDA*,-1,402,351,"3,331","2,800","23,273","28,903","96,829","79,061"
,BiXIDA*,1,803,"1,628","6,331","13,225","46,456","81,966","195,853","338,371"
,BiXIDA*,2,200,226,"1,656","1,814","11,534","11,703","48,569","49,246"
,BiXIDA*,3,137,811,"1,152","6,416","8,689","41,595","32,617","235,453"
,BiXIDA*,4,98,330,828,"2,721","5,739","17,385","24,319","112,073"
8x8,XMM,-1,"2,584","5,019","3,660","7,095","16,490","35,526",,
,XMM,1,"2,584","4,987","3,660","7,136","16,490","35,743",,
,XMM,2,"2,584","4,943","3,660","7,040","16,490","34,499",,
,XMM,3,"2,584","4,970","3,660","7,059","16,490","35,791",,
,XMM,4,"2,584","4,997","3,660","7,060","16,490","35,862",,
,XA*,-1,"2,126","2,672","4,846","6,290","31,408","38,202",,
,XA*,1,"2,126","2,642","4,846","6,315","31,408","38,416",,
,XA*,2,"2,126","2,652","4,846","6,224","31,408","37,912",,
,XA*,3,"2,126","2,636","4,846","6,223","31,408","38,693",,
,XA*,4,"2,126","2,647","4,846","6,287","31,408","38,778",,
,BiXA*,-1,"5,083","5,103","7,499","6,923","78,346","82,679",,
,BiXA*,1,"10,564","19,044","15,220","26,244","153,393","258,412",,
,BiXA*,2,"2,697","3,811","3,731","4,974","39,311","53,555",,
,BiXA*,3,"1,877","12,707","2,931","15,274","29,504","175,719",,
,BiXA*,4,"1,361","4,819","1,978","7,094","20,191","81,745",,
,XDFBnB,-1,"2,362","2,406","6,523","5,698","47,120","49,891","267,656","257,373"
,XDFBnB,1,"2,362","2,375","6,523","5,887","47,120","47,423","267,656","259,487"
,XDFBnB,2,"1,135","2,185","3,329","5,806","23,581","41,403","128,162","245,104"
,XDFBnB,3,783,"2,930","2,188","6,628","15,560","49,736","88,460","341,733"
,XDFBnB,4,549,"3,483","1,610","8,790","11,785","67,108","64,134","425,112"
,BiXDFBnB,-1,"5,100","4,755","8,506","7,389","78,488","79,982","434,507","377,366"
,BiXDFBnB,1,"10,622","21,289","16,947","32,887","153,637","311,427","974,951","1,899,567"
,BiXDFBnB,2,"2,707","2,934","4,226","4,721","39,372","45,644","225,468","237,870"
,BiXDFBnB,3,"1,879","10,118","3,342","16,683","29,533","161,614","159,236","908,018"
,BiXDFBnB,4,"1,364","3,500","2,200","7,454","20,218","70,032","110,018","324,462"
,XIDA*,-1,"2,606","2,466","8,354","7,799","54,007","51,321","293,095","285,846"
,XIDA*,1,"2,606","2,649","8,354","7,792","54,007","48,408","293,095","287,654"
,XIDA*,2,"1,253","2,530","4,307","8,093","27,337","48,971","140,372","270,683"
,XIDA*,3,868,"4,728","2,796","9,612","17,929","60,577","96,926","367,153"
,XIDA*,4,619,"4,646","2,115","14,072","13,724","80,287","70,251","472,883"
,BiXIDA*,-1,"7,161","6,413","10,038","9,156","96,701","92,484","428,435","381,166"
,BiXIDA*,1,"16,723","34,398","21,993","44,422","193,566","377,090","959,812","1,908,840"
,BiXIDA*,2,"3,713","4,456","5,000","5,754","48,388","58,671","222,222","234,111"
,BiXIDA*,3,"2,643","21,939","3,833","21,083","36,336","217,176","157,927","891,498"
,BiXIDA*,4,"1,821","5,463","2,650","10,229","24,855","91,776","108,360","328,182"
,,,,,,,,,,
--- Snake Grids ---,,,,,,,,,,
Grid,Algorithm,Lookahead,20% Expansions,20% Time [ms],16% Expansions,16% Time [ms],12% Expansions,12% Time [ms],8% Expansions,8% Time [ms]
7x7,XMM,-1,119,363,203,633,347,"1,201","1,119","3,995"
,XMM,1,119,351,203,634,347,"1,169","1,119","4,067"
,XMM,2,119,366,203,630,347,"1,153","1,119","4,021"
,XMM,3,119,365,203,704,347,"1,189","1,119","3,957"
,XMM,4,119,362,203,636,347,"1,128","1,119","4,062"
,XA*,-1,112,249,180,416,225,706,928,"2,758"
,XA*,1,112,244,180,418,225,686,928,"2,790"
,XA*,2,112,252,180,416,225,680,928,"2,774"
,XA*,3,112,250,180,469,225,696,928,"2,734"
,XA*,4,112,251,180,420,225,665,928,"2,785"
,BiXA*,-1,115,288,148,431,219,736,756,"2,416"
,BiXA*,1,419,"1,278",322,"1,465",543,"2,688","1,928","9,484"
,BiXA*,2,71,218,78,331,112,564,396,"1,812"
,BiXA*,3,61,605,70,943,103,"1,748",386,"5,694"
,BiXA*,4,33,247,49,434,70,849,207,"2,400"
,XDFBnB,-1,132,286,218,547,406,"1,017","1,120","3,072"
,XDFBnB,1,132,301,218,554,406,"1,025","1,120","4,575"
,XDFBnB,2,97,278,113,400,153,734,825,"3,082"
,XDFBnB,3,45,217,74,413,115,892,449,"3,429"
,XDFBnB,4,38,222,66,469,88,"1,076",387,"3,919"
,BiXDFBnB,-1,142,353,177,560,387,"1,105",981,"2,968"
,BiXDFBnB,1,649,"1,848",418,"1,924","1,188","4,343","3,020","19,401"
,BiXDFBnB,2,93,264,99,385,165,753,508,"2,088"
,BiXDFBnB,3,74,688,79,991,131,"2,175",556,"7,431"
,BiXDFBnB,4,37,253,58,475,81,966,276,"2,770"
,XIDA*,-1,257,774,417,"1,189",495,"1,638","2,015","9,534"
,XIDA*,1,257,"1,155",417,"1,174",495,"1,697","2,015","6,607"
,XIDA*,2,132,616,207,939,258,"1,510","1,070","6,886"
,XIDA*,3,84,667,141,"1,085",168,"1,564",694,"12,497"
,XIDA*,4,63,717,98,"1,207",132,"2,600",558,"8,600"
,BiXIDA*,-1,289,935,361,"1,266",462,"1,686","1,553","8,379"
,BiXIDA*,1,"1,912","7,979",685,"4,038","1,078","6,456","4,309","25,518"
,BiXIDA*,2,153,626,188,948,245,"1,397",817,"5,111"
,BiXIDA*,3,124,"1,764",158,"2,637",213,"4,069",794,"27,068"
,BiXIDA*,4,73,782,102,"1,216",137,"2,412",427,"6,577"
7x8,XMM,-1,167,609,615,"2,218",878,"3,383","2,625","10,599"
,XMM,1,167,605,615,"2,197",878,"3,312","2,625","10,554"
,XMM,2,167,598,615,"2,163",878,"3,383","2,625","10,728"
,XMM,3,167,606,615,"2,190",878,"3,356","2,625","10,404"
,XMM,4,167,617,615,"2,198",878,"3,376","2,625","10,563"
,XA*,-1,171,482,401,"1,324",579,"2,039","2,210","7,457"
,XA*,1,171,482,401,"1,315",579,"2,014","2,210","7,414"
,XA*,2,171,475,401,"1,282",579,"2,044","2,210","7,499"
,XA*,3,171,484,401,"1,305",579,"2,042","2,210","7,167"
,XA*,4,171,484,401,"1,326",579,"2,064","2,210","7,420"
,BiXA*,-1,198,533,490,"1,683",580,"2,073","1,810","6,314"
,BiXA*,1,713,"2,238","1,594","7,440","1,192","7,304","5,059","27,426"
,BiXA*,2,93,426,247,"1,214",302,"1,635",922,"4,724"
,BiXA*,3,113,"1,157",274,"4,498",263,"4,785",942,"14,718"
,BiXA*,4,45,511,120,"1,602",156,"2,285",492,"6,512"
,XDFBnB,-1,260,673,558,"1,690","1,193","3,494","2,744","8,858"
,XDFBnB,1,260,745,558,"1,650","1,193","3,445","2,744","8,874"
,XDFBnB,2,116,484,267,"1,352",475,"2,508","1,316","7,187"
,XDFBnB,3,118,567,177,"1,401",299,"2,638",897,"8,404"
,XDFBnB,4,89,623,138,"1,549",233,"3,068",692,"8,907"
,BiXDFBnB,-1,664,"1,203",648,"2,036",917,"3,020","2,505","8,503"
,BiXDFBnB,1,"1,906","4,890","3,356","11,610","2,442","12,290","7,990","41,330"
,BiXDFBnB,2,385,745,329,"1,446",466,"2,268","1,183","5,704"
,BiXDFBnB,3,333,"1,665",349,"4,750",397,"6,208","1,340","18,531"
,BiXDFBnB,4,300,877,229,"1,829",248,"2,954",629,"7,713"
,XIDA*,-1,497,"1,650","1,435","5,168","1,553","5,924","5,201","19,551"
,XIDA*,1,497,"1,835","1,435","5,433","1,553","6,093","5,201","18,804"
,XIDA*,2,239,"1,288",721,"4,312",758,"5,473","2,551","16,126"
,XIDA*,3,207,"1,376",481,"4,862",497,"5,910","1,735","21,764"
,XIDA*,4,117,"1,372",350,"8,584",371,"7,384","1,322","21,339"
,BiXIDA*,-1,559,"1,920","1,496","5,695","1,481","5,932","4,199","17,679"
,BiXIDA*,1,"1,567","8,082","4,749","29,313","2,952","21,151","11,260","75,247"
,BiXIDA*,2,275,"1,369",768,"4,236",758,"4,815","2,126","13,256"
,BiXIDA*,3,799,"5,396",836,"15,489",620,"13,530","1,990","46,941"
,BiXIDA*,4,120,"1,529",370,"8,015",409,"6,924","1,140","19,338"
7x9,XMM,-1,366,"1,409",681,"2,732","2,243","9,918","2,220","10,162"
,XMM,1,366,"1,395",681,"2,710","2,243","9,825","2,220","10,104"
,XMM,2,366,"1,404",681,"2,652","2,243","10,206","2,220","10,009"
,XMM,3,366,"1,404",681,"2,642","2,243","9,893","2,220","9,974"
,XMM,4,366,"1,413",681,"2,668","2,243","9,625","2,220","10,033"
,XA*,-1,266,863,615,"2,142","1,512","6,134","1,497","6,221"
,XA*,1,266,858,615,"2,129","1,512","6,109","1,497","6,193"
,XA*,2,266,862,615,"2,086","1,512","6,099","1,497","6,161"
,XA*,3,266,848,615,"2,085","1,512","6,150","1,497","6,134"
,XA*,4,266,855,615,"2,103","1,512","5,934","1,497","6,127"
,BiXA*,-1,386,"1,266",747,"2,139","2,211","8,456","2,121","9,126"
,BiXA*,1,671,"3,779","3,039","11,114","4,306","28,877","3,990","31,460"
,BiXA*,2,214,939,428,"1,570","1,182","6,952","1,112","7,268"
,BiXA*,3,175,"3,642",338,"4,277","1,012","23,919",952,"20,303"
,BiXA*,4,105,"1,741",197,"1,840",590,"10,080",582,"9,040"
,XDFBnB,-1,452,"1,215","1,137","3,921","1,828","7,250","2,526","10,156"
,XDFBnB,1,452,"1,228","1,137","3,074","1,828","7,087","2,526","9,805"
,XDFBnB,2,214,920,"1,140","3,154",979,"6,532","1,556","9,717"
,XDFBnB,3,152,"1,060",467,"2,349",664,"7,192",754,"8,485"
,XDFBnB,4,115,"1,098",324,"2,477",574,"10,100",531,"9,565"
,BiXDFBnB,-1,484,"1,547","1,147","3,802","2,777","10,661","4,112","14,669"
,BiXDFBnB,1,"1,176","5,623","6,372","19,088","5,666","36,988","8,164","52,614"
,BiXDFBnB,2,293,"1,151",850,"2,374","1,960","8,532","2,044","10,048"
,BiXDFBnB,3,221,"2,984",537,"5,015","1,389","22,578","1,716","30,040"
,BiXDFBnB,4,139,"1,212",333,"2,147",948,"10,906","1,045","12,277"
,XIDA*,-1,723,"2,690","2,151","8,122","3,402","14,990","3,565","15,808"
,XIDA*,1,723,"2,675","2,151","7,986","3,402","14,850","3,565","15,724"
,XIDA*,2,348,"2,145","1,066","6,589","1,693","12,912","1,654","13,043"
,XIDA*,3,247,"2,579",755,"7,018","1,205","16,347","1,102","14,833"
,XIDA*,4,176,"2,755",561,"9,703",906,"21,328",839,"19,492"
,BiXIDA*,-1,846,"3,170","1,908","6,834","4,986","21,412","4,518","20,393"
,BiXIDA*,1,"1,529","10,629","7,607","39,702","8,888","69,700","8,991","77,845"
,BiXIDA*,2,460,"2,351","1,006","4,797","2,733","16,270","2,278","15,136"
,BiXIDA*,3,388,"6,958",852,"14,216","2,159","49,025","2,030","47,806"
,BiXIDA*,4,230,"2,789",469,"6,849","1,375","25,121","1,199","22,600"
8x8,XMM,-1,304,"1,188",755,"3,098","2,479","10,763","4,726","21,704"
,XMM,1,304,"1,176",755,"3,031","2,479","10,855","4,726","21,800"
,XMM,2,304,"1,220",755,"3,097","2,479","10,710","4,726","21,978"
,XMM,3,304,"1,226",755,"3,086","2,479","10,767","4,726","22,086"
,XMM,4,304,"1,197",755,"3,058","2,479","10,709","4,726","22,162"
,XA*,-1,325,"1,020",596,"1,995","2,192","7,812","3,073","12,866"
,XA*,1,325,989,596,"1,953","2,192","7,817","3,073","12,930"
,XA*,2,325,"1,019",596,"1,998","2,192","7,743","3,073","13,028"
,XA*,3,325,"1,031",596,"2,002","2,192","7,781","3,073","13,021"
,XA*,4,325,"1,013",596,"1,979","2,192","7,714","3,073","13,084"
,BiXA*,-1,307,"1,080",594,"2,202","1,797","7,995","3,105","15,675"
,BiXA*,1,787,"4,357","1,275","8,694","4,686","30,775","7,046","53,078"
,BiXA*,2,175,803,310,"1,880",937,"9,443","1,602","10,934"
,BiXA*,3,159,"2,488",289,"4,873",834,"35,930","1,466","34,808"
,BiXA*,4,93,"1,093",154,"2,179",534,"9,890",847,"17,276"
,XDFBnB,-1,483,"1,276",673,"2,299","3,031","9,958","4,878","17,404"
,XDFBnB,1,483,"1,324",673,"2,314","3,031","9,957","4,878","17,719"
,XDFBnB,2,399,"1,137",363,"1,909","1,667","8,466","2,667","16,420"
,XDFBnB,3,112,915,252,"1,990","1,086","8,969","2,327","20,480"
,XDFBnB,4,192,"1,109",197,"2,404",848,"10,362","1,592","24,942"
,BiXDFBnB,-1,361,"1,260",941,"2,928","2,146","8,519","6,149","23,329"
,BiXDFBnB,1,"1,097","5,799","2,119","10,837","6,766","39,300","22,831","114,090"
,BiXDFBnB,2,199,889,498,"2,083","1,131","6,506","3,340","16,529"
,BiXDFBnB,3,203,"2,710",352,"5,272",974,"18,590","2,826","49,261"
,BiXDFBnB,4,106,"1,104",197,"2,268",686,"9,769","1,696","21,886"
,XIDA*,-1,939,"5,116","1,632","6,440","5,264","20,637","7,364","32,527"
,XIDA*,1,939,"3,500","1,632","6,394","5,264","20,140","7,364","32,671"
,XIDA*,2,504,"2,798",854,"5,409","2,597","25,689","3,559","28,668"
,XIDA*,3,286,"2,731",594,"9,148","1,735","18,633","2,550","35,511"
,XIDA*,4,239,"3,170",460,"7,314","1,340","30,766","1,878","46,075"
,BiXIDA*,-1,856,"5,434","2,006","8,403","4,235","19,398","7,902","37,174"
,BiXIDA*,1,"1,833","12,636","3,826","28,475","10,406","77,254","15,886","136,443"
,BiXIDA*,2,434,"2,462","1,053","6,303","2,160","21,077","4,052","28,770"
,BiXIDA*,3,383,"7,224",905,"25,186","1,818","44,597","3,557","91,321"
,BiXIDA*,4,221,"3,137",516,"8,093","1,174","29,739","2,104","45,172"
8x9,XMM,-1,627,"2,755","1,917","9,414","5,799","28,405","21,219","118,650"
,XMM,1,627,"2,837","1,917","9,367","5,799","28,787","21,219","112,838"
,XMM,2,627,"2,830","1,917","9,486","5,799","28,330","21,219","127,575"
,XMM,3,627,"2,809","1,917","9,313","5,799","28,332","21,219","115,800"
,XMM,4,627,"2,830","1,917","9,278","5,799","28,792","21,219","113,341"
,XA*,-1,457,"1,687","1,641","6,749","4,566","18,773","15,001","70,684"
,XA*,1,457,"1,739","1,641","6,695","4,566","19,126","15,001","67,279"
,XA*,2,457,"1,724","1,641","6,792","4,566","18,904","15,001","76,510"
,XA*,3,457,"1,728","1,641","6,696","4,566","18,889","15,001","69,066"
,XA*,4,457,"1,765","1,641","6,672","4,566","19,224","15,001","67,604"
,BiXA*,-1,814,"2,886","1,819","8,774","4,857","19,288","13,267","66,179"
,BiXA*,1,"2,660","12,355","6,317","63,848","14,684","99,210","32,974","276,099"
,BiXA*,2,403,"2,115",931,"7,141","2,517","16,062","6,753","51,344"
,BiXA*,3,382,"6,475",995,"20,774","2,321","46,039","6,048","163,560"
,BiXA*,4,224,"3,768",522,"9,929","1,393","19,356","3,455","75,133"
,XDFBnB,-1,777,"2,594","1,993","8,176","7,143","27,806","20,091","85,972"
,XDFBnB,1,777,"2,611","1,993","7,964","7,143","27,799","20,091","87,170"
,XDFBnB,2,343,"2,034","1,113","6,948","3,422","21,609","9,804","70,855"
,XDFBnB,3,349,"2,325",946,"8,236","2,579","25,893","6,846","80,781"
,XDFBnB,4,187,"2,491",669,"9,254","1,663","25,812","5,083","103,495"
,BiXDFBnB,-1,"1,062","3,674","2,595","10,642","6,082","24,958","17,451","82,840"
,BiXDFBnB,1,"3,292","15,481","9,587","54,591","21,801","148,899","49,789","392,098"
,BiXDFBnB,2,521,"2,488","1,305","7,811","3,079","17,425","10,936","69,989"
,BiXDFBnB,3,449,"6,541","1,329","23,927","2,721","53,509","9,427","199,214"
,BiXDFBnB,4,274,"2,758",707,"11,073","1,548","22,008","5,144","94,250"
,XIDA*,-1,"1,635","10,165","4,879","22,136","14,922","69,221","35,116","165,055"
,XIDA*,1,"1,635","7,235","4,879","22,800","14,922","67,951","35,116","161,204"
,XIDA*,2,806,"7,686","2,525","19,917","7,251","59,160","17,370","140,364"
,XIDA*,3,558,"6,669","1,717","22,379","4,862","68,259","11,654","169,755"
,XIDA*,4,392,"8,795","1,336","26,710","3,371","81,451","8,558","207,881"
,BiXIDA*,-1,"2,552","15,743","5,977","30,103","11,578","56,061","31,771","166,770"
,BiXIDA*,1,"7,536","50,000","16,526","134,898","41,278","334,463","71,317","679,946"
,BiXIDA*,2,"1,292","9,737","3,115","24,599","6,030","42,369","16,965","132,829"
,BiXIDA*,3,"1,168","25,880","2,831","75,279","5,609","140,267","14,311","437,123"
,BiXIDA*,4,686,"10,471","1,729","37,390","3,010","58,206","8,842","211,658"
9x9,XMM,-1,"1,833","9,487","5,265","26,944","11,898","68,308","42,514","253,914"
,XMM,1,"1,833","9,449","5,265","27,055","11,898","66,446","42,514","251,612"
,XMM,2,"1,833","9,539","5,265","26,653","11,898","67,560","42,514","252,040"
,XMM,3,"1,833","9,542","5,265","27,169","11,898","66,638","42,514","251,196"
,XMM,4,"1,833","9,545","5,265","27,593","11,898","66,836","42,514","257,540"
,XA*,-1,"1,537","6,472","4,647","20,354","6,647","34,388","23,043","122,661"
,XA*,1,"1,537","6,456","4,647","20,401","6,647","33,326","23,043","121,536"
,XA*,2,"1,537","6,478","4,647","20,187","6,647","33,793","23,043","122,014"
,XA*,3,"1,537","6,528","4,647","20,639","6,647","33,781","23,043","122,099"
,XA*,4,"1,537","6,520","4,647","20,740","6,647","33,865","23,043","124,311"
,BiXA*,-1,"1,707","7,489","4,504","20,893","8,359","41,889","26,568","145,907"
,BiXA*,1,"6,214","37,833","12,413","96,210","18,211","168,657","56,445","578,620"
,BiXA*,2,940,"8,111","2,314","15,886","4,250","31,621","13,794","113,250"
,BiXA*,3,748,"16,325","2,007","47,022","3,702","102,980","11,716","348,822"
,BiXA*,4,577,"7,190","1,244","44,710","2,127","52,974","7,385","167,808"
,XDFBnB,-1,"1,753","7,126","8,206","32,042","10,838","53,416","38,716","192,880"
,XDFBnB,1,"1,753","7,128","8,206","32,151","10,838","51,625","38,716","192,638"
,XDFBnB,2,977,"6,336","3,859","25,165","5,055","43,015","22,354","155,524"
,XDFBnB,3,690,"6,742","2,445","25,448","3,678","49,002","12,184","164,584"
,XDFBnB,4,"1,040","9,194","1,875","29,881","2,624","61,966","8,518","203,312"
,BiXDFBnB,-1,"1,986","7,969","8,307","34,004","14,650","68,622","42,820","217,409"
,BiXDFBnB,1,"15,070","64,963","23,415","162,798","26,668","230,443","102,859","983,520"
,BiXDFBnB,2,"1,113","6,077","4,169","22,617","7,712","47,856","20,410","143,399"
,BiXDFBnB,3,"1,821","19,555","3,472","61,843","7,422","150,996","16,449","408,604"
,BiXDFBnB,4,748,"7,276","2,127","26,782","4,578","64,059","10,039","195,935"
,XIDA*,-1,"4,902","24,361","12,902","82,900","16,436","90,039","52,814","295,947"
,XIDA*,1,"4,902","23,065","12,902","60,703","16,436","86,249","52,814","321,915"
,XIDA*,2,"2,537","24,896","6,640","51,517","8,259","80,319","26,532","244,335"
,XIDA*,3,"1,752","25,252","4,459","57,751","5,688","96,543","17,656","281,815"
,XIDA*,4,"1,366","25,419","3,272","97,880","4,221","117,098","13,239","365,855"
,BiXIDA*,-1,"4,701","24,627","10,808","76,053","20,443","108,482","55,717","322,345"
,BiXIDA*,1,"14,700","120,202","30,827","285,240","38,357","384,271","120,387","1,396,308"
,BiXIDA*,2,"2,380","20,776","5,640","41,564","9,098","73,668","28,877","226,777"
,BiXIDA*,3,"2,068","66,287","5,013","133,851","8,088","231,019","24,754","706,930"
,BiXIDA*,4,"2,166","26,449","2,986","78,576","4,485","98,300","15,518","344,043"
,,,,,,,,,,
--- LSP Mazes ---,,,,,,,,,,
Grid,Algorithm,Lookahead,0 blocks Expansions,0 blocks Time [ms],1 block Expansions,1 block Time [ms],,,,
13x13,XMM,-1,"1,354","3,137","59,904","162,128",,,,
,XMM,1,"1,354","3,144","59,904","160,550",,,,
,XMM,2,"1,354","3,116","59,904","160,292",,,,
,XMM,3,"1,354","3,161","59,904","160,306",,,,
,XMM,4,"1,354","3,164","59,904","155,768",,,,
,XA*,-1,561,"1,125","30,949","76,736",,,,
,XA*,1,561,"1,144","30,949","76,319",,,,
,XA*,2,561,"1,123","30,949","75,775",,,,
,XA*,3,561,"1,144","30,949","75,476",,,,
,XA*,4,561,"1,138","30,949","74,279",,,,
,BiXA*,-1,760,"1,300","21,315","39,560",,,,
,BiXA*,1,"1,537","5,626","90,580","311,679",,,,
,BiXA*,2,381,834,"10,840","26,353",,,,
,BiXA*,3,269,"1,920","5,920","56,151",,,,
,BiXA*,4,190,931,"5,518","31,713",,,,
,XDFBnB,-1,885,"1,493","41,201","86,348",,,,
,XDFBnB,1,885,"1,505","41,201","83,377",,,,
,XDFBnB,2,451,"1,370","20,588","68,566",,,,
,XDFBnB,3,292,"1,257","13,282","66,257",,,,
,XDFBnB,4,159,991,"10,228","77,594",,,,
,BiXDFBnB,-1,987,"1,874","24,568","50,353",,,,
,BiXDFBnB,1,"2,141","9,325","110,666","474,662",,,,
,BiXDFBnB,2,501,923,"12,804","26,241",,,,
,BiXDFBnB,3,376,"2,513","7,189","59,228",,,,
,BiXDFBnB,4,248,872,"6,511","30,218",,,,
,XIDA*,-1,"3,693","7,320","152,323","325,477",,,,
,XIDA*,1,"3,693","7,439","152,323","331,430",,,,
,XIDA*,2,"1,879","5,998","76,597","390,463",,,,
,XIDA*,3,"1,197","5,698","49,994","279,330",,,,
,XIDA*,4,870,"5,995","38,227","305,919",,,,
,BiXIDA*,-1,"5,066","10,621","80,421","168,386",,,,
,BiXIDA*,1,"10,690","52,589","385,479","1,815,808",,,,
,BiXIDA*,2,"2,514","5,354","41,294","123,680",,,,
,BiXIDA*,3,"1,864","15,284","22,912","212,003",,,,
,BiXIDA*,4,"1,208","5,079","20,844","97,475",,,,
,,,,,,,,,,
--- CIB ---,,,,,,,,,,
Dimension,Algorithm,Lookahead,Finding Expansions,Finding Time [ms],Proving Expansions,Proving Time [ms],,,,
5,XMM,-1,35,54,55,102,,,,
,XMM,1,35,50,55,95,,,,
,XMM,2,35,50,55,94,,,,
,XMM,3,35,53,55,100,,,,
,XMM,4,35,50,55,94,,,,
,XA*,-1,35,52,36,55,,,,
,XA*,1,35,52,36,50,,,,
,XA*,2,35,50,36,51,,,,
,XA*,3,35,50,36,53,,,,
,XA*,4,35,50,36,50,,,,
,BiXA*,-1,39,77,33,53,,,,
,BiXA*,1,39,72,54,139,,,,
,BiXA*,2,39,71,20,44,,,,
,BiXA*,3,39,75,18,73,,,,
,BiXA*,4,39,71,32,55,,,,
,XDFBnB,-1,30,30,55,62,,,,
,XDFBnB,1,30,31,55,63,,,,
,XDFBnB,2,5,15,29,62,,,,
,XDFBnB,3,3,24,14,56,,,,
,XDFBnB,4,3,43,24,75,,,,
,BiXDFBnB,-1,9,13,33,48,,,,
,BiXDFBnB,1,11,26,56,134,,,,
,BiXDFBnB,2,5,13,20,43,,,,
,BiXDFBnB,3,3,38,19,72,,,,
,BiXDFBnB,4,5,36,31,56,,,,
,XIDA*,-1,53,91,53,91,,,,
,XIDA*,1,53,91,53,91,,,,
,XIDA*,2,15,81,34,132,,,,
,XIDA*,3,10,79,18,115,,,,
,XIDA*,4,6,114,28,146,,,,
,BiXIDA*,-1,52,89,52,89,,,,
,BiXIDA*,1,79,214,79,215,,,,
,BiXIDA*,2,30,110,30,111,,,,
,BiXIDA*,3,19,147,27,194,,,,
,BiXIDA*,4,8,100,35,152,,,,
6,XMM,-1,"6,509","31,622","17,663","98,299",,,,
,XMM,1,"6,509","32,012","17,663","99,242",,,,
,XMM,2,"6,509","32,136","17,663","99,979",,,,
,XMM,3,"6,509","32,549","17,663","101,895",,,,
,XMM,4,"6,509","32,285","17,663","99,616",,,,
,XA*,-1,"6,509","35,420","6,510","31,702",,,,
,XA*,1,"6,509","34,541","6,510","32,087",,,,
,XA*,2,"6,509","35,653","6,510","32,227",,,,
,XA*,3,"6,509","33,682","6,510","32,621",,,,
,XA*,4,"6,509","33,674","6,510","32,363",,,,
,BiXA*,-1,"4,854","32,833","6,451","38,449",,,,
,BiXA*,1,"4,854","33,064","10,981","104,328",,,,
,BiXA*,2,"4,854","33,361","3,631","34,738",,,,
,BiXA*,3,"4,854","33,938","3,034","102,607",,,,
,BiXA*,4,"4,854","33,344","2,000","57,289",,,,
,XDFBnB,-1,807,"1,335","7,247","33,796",,,,
,XDFBnB,1,807,"1,336","7,247","34,016",,,,
,XDFBnB,2,26,121,"3,727","42,968",,,,
,XDFBnB,3,26,282,"2,310","58,397",,,,
,XDFBnB,4,8,409,"1,929","93,966",,,,
,BiXDFBnB,-1,"1,529","5,388","7,597","35,248",,,,
,BiXDFBnB,1,983,"3,112","11,907","103,115",,,,
,BiXDFBnB,2,957,"4,390","4,366","31,557",,,,
,BiXDFBnB,3,297,"5,038","3,252","100,448",,,,
,BiXDFBnB,4,61,974,"2,040","53,703",,,,
,XIDA*,-1,"12,689","71,145","12,689","71,146",,,,
,XIDA*,1,"12,689","70,950","12,689","70,952",,,,
,XIDA*,2,"7,203","140,625","7,203","140,639",,,,
,XIDA*,3,"4,522","145,124","4,522","145,128",,,,
,XIDA*,4,"3,735","248,404","3,735","248,410",,,,
,BiXIDA*,-1,"13,424","73,736","13,424","73,737",,,,
,BiXIDA*,1,"21,332","217,675","21,332","217,678",,,,
,BiXIDA*,2,"7,720","93,372","7,720","93,378",,,,
,BiXIDA*,3,"6,048","245,863","6,048","245,867",,,,
,BiXIDA*,4,"4,015","149,460","4,015","149,462",,,,
7,BiXA*,-1,"82,805","2,308,783",,,,,,
,BiXA*,1,"82,805","2,302,199",,,,,,
,BiXA*,2,"82,805","2,281,239",,,,,,
,BiXA*,3,"82,805","2,310,099",,,,,,
,BiXA*,4,"82,805","2,304,071",,,,,,
,XDFBnB,-1,"1,282,664","13,392,748",,,,,,
,XDFBnB,1,"1,282,664","13,390,007",,,,,,
,XDFBnB,2,"58,185","605,643",,,,,,
,XDFBnB,3,"97,479","5,529,954",,,,,,
,XDFBnB,4,"530,899","5,546,745",,,,,,
,BiXDFBnB,-1,"26,867","271,783",,,,,,
,BiXDFBnB,1,"2,595,312","52,053,185",,,,,,
,BiXDFBnB,2,"5,816","76,438",,,,,,
,BiXDFBnB,3,"4,815","354,218",,,,,,
,BiXDFBnB,4,543,"16,301",,,,,,
,XIDA*,-1,"3,098,279","63,184,568",,,,,,
,XIDA*,1,"984,949","25,670,639",,,,,,
,XIDA*,2,"513,908","41,877,485",,,,,,
,XIDA*,3,"136,782","42,059,731",,,,,,
,XIDA*,4,"34,324","44,513,681",,,,,,
,BiXIDA*,-1,"2,842,588","57,985,610",,,,,,
,BiXIDA*,1,"1,059,500","42,309,229",,,,,,
,BiXIDA*,2,"1,251,646","60,926,015",,,,,,
,BiXIDA*,3,"59,697","26,120,691",,,,,,
,BiXIDA*,4,"42,087","30,023,256",,,,,,