--- LSP Grids ---,,,,,,,,,,,Winners
Grid,Algorithm,Lookahead,20% Expansions,20% Time [ms],16% Expansions,16% Time [ms],12% Expansions,12% Time [ms],8% Expansions,8% Time [ms],,Grid,20% Expansions,,20% Time [ms],,16% Expansions,,16% Time [ms],,12% Expansions,,12% Time [ms],,8% Expansions,,8% Time [ms],
6x6,XMM,-2,108,258,146,380,208,645,829,"3,018",,6x6,XA* (lh=4),24,BiXA* (lh=2),62,BiXDFBnB (lh=4),39,BiXA* (lh=2),105,XA* (lh=4),43,BiXA* (lh=2),180,XA* (lh=4),279,XDFBnB (lh=2),"1,008"
,XMM,-1,108,257,146,391,208,562,829,"2,484",,6x7,XA* (lh=4),19,XDFBnB (lh=2),96,XA* (lh=4),37,BiXA* (lh=2),141,XA* (lh=4),75,XDFBnB (lh=2),363,XA* (lh=4),"1,497",BiXDFBnB (lh=2),"6,845"
,XMM,1,108,262,146,461,208,633,829,"2,916",,6x8,XA* (lh=4),27,BiXA* (lh=2),92,XA* (lh=4),211,XDFBnB (lh=3),"1,131",XA* (lh=4),275,BiXA* (lh=2),"1,050",XA* (lh=4),"6,120",BiXA* (lh=2),"29,000"
,XMM,2,108,269,146,385,208,554,829,"2,568",,7x7,XA* (lh=4),35,BiXA* (lh=2),143,XA* (lh=4),212,BiXA* (lh=2),"1,151",XA* (lh=4),389,XDFBnB (lh=2),"1,949",XA* (lh=4),"5,020",BiXA* (lh=2),"22,560"
,XMM,3,108,270,146,420,208,579,829,"2,964",,7x8,XA* (lh=4),69,BiXA* (lh=2),374,XA* (lh=4),243,XA* (lh=2),"1,744",XA* (lh=4),"3,358",BiXA* (lh=2),"18,312",XA* (lh=4),"15,430",BiXA* (lh=2),"76,953"
,XMM,4,108,263,146,423,208,625,829,"2,515",,8x8,XA* (lh=4),502,XA* (lh=2),"3,336",XA* (lh=4),"1,218",BiXA* (lh=2),"7,587",XA* (lh=4),"7,844",XA* (lh=2),"54,167",XA* (lh=4),"53,284",XDFBnB (lh=-2),"407,179"
,XA*,-2,95,127,169,237,170,251,"1,070","1,598",,,,,,,,,,,,,,,,,,
,XA*,-1,95,122,169,209,170,256,"1,070","1,619",,,,,,,,,,,,,,,,,,
,XA*,1,95,126,169,208,170,262,"1,070","1,678",,,,,,,,,,,,,,,,,,
,XA*,2,48,104,86,162,87,243,554,"1,351",,,,,,,,,,,,,,,,,,
,XA*,3,32,108,54,177,58,260,362,"1,497",,,,,,,,,,,,,,,,,,
,XA*,4,24,127,44,220,43,352,279,"1,722",,,,,,,,,,,,,,,,,,
,BiXA*,-2,123,111,170,176,248,268,"1,641","1,686",,,,,,,,,,,,,,,,,,
,BiXA*,-1,90,82,148,142,230,239,"1,827","1,916",,,,,,,,,,,,,,,,,,
,BiXA*,1,141,291,236,474,354,811,"2,665","6,245",,,,,,,,,,,,,,,,,,
,BiXA*,2,46,62,75,105,117,180,921,"1,360",,,,,,,,,,,,,,,,,,
,BiXA*,3,33,177,50,309,79,575,596,"4,076",,,,,,,,,,,,,,,,,,
,BiXA*,4,25,89,40,162,62,284,490,"1,984",,,,,,,,,,,,,,,,,,
,XDFBnB,-2,97,93,174,176,194,226,"1,168","1,080",,,,,,,,,,,,,,,,,,
,XDFBnB,-1,97,93,174,176,194,224,"1,168","1,062",,,,,,,,,,,,,,,,,,
,XDFBnB,1,97,100,174,173,194,228,"1,168","1,079",,,,,,,,,,,,,,,,,,
,XDFBnB,2,49,88,90,141,98,210,603,"1,008",,,,,,,,,,,,,,,,,,
,XDFBnB,3,32,105,56,194,65,248,395,"1,464",,,,,,,,,,,,,,,,,,
,XDFBnB,4,25,124,47,214,49,337,306,"1,622",,,,,,,,,,,,,,,,,,
,BiXDFBnB,-2,147,132,172,191,288,324,"1,648","1,659",,,,,,,,,,,,,,,,,,
,BiXDFBnB,-1,106,101,149,169,250,268,"1,842","1,738",,,,,,,,,,,,,,,,,,
,BiXDFBnB,1,175,393,239,565,410,"1,055","2,671","5,948",,,,,,,,,,,,,,,,,,
,BiXDFBnB,2,52,70,75,105,126,194,927,"1,253",,,,,,,,,,,,,,,,,,
,BiXDFBnB,3,36,215,50,406,84,598,597,"4,321",,,,,,,,,,,,,,,,,,
,BiXDFBnB,4,26,101,39,162,65,281,492,"1,930",,,,,,,,,,,,,,,,,,
,XIDA*,-2,115,118,218,227,203,226,"1,307","1,248",,,,,,,,,,,,,,,,,,
,XIDA*,-1,115,119,218,228,203,233,"1,307","1,248",,,,,,,,,,,,,,,,,,
,XIDA*,1,115,112,218,225,203,224,"1,307","1,250",,,,,,,,,,,,,,,,,,
,XIDA*,2,59,119,114,203,104,230,676,"1,212",,,,,,,,,,,,,,,,,,
,XIDA*,3,39,122,70,250,68,269,441,"1,408",,,,,,,,,,,,,,,,,,
,XIDA*,4,30,166,58,321,52,362,342,"1,896",,,,,,,,,,,,,,,,,,
,BiXIDA*,-2,145,137,207,220,288,319,"1,903","1,980",,,,,,,,,,,,,,,,,,
,BiXIDA*,-1,111,109,177,190,255,273,"2,137","2,177",,,,,,,,,,,,,,,,,,
,BiXIDA*,1,181,394,315,701,408,991,"3,140","7,342",,,,,,,,,,,,,,,,,,
,BiXIDA*,2,55,76,90,132,129,192,"1,077","1,560",,,,,,,,,,,,,,,,,,
,BiXIDA*,3,40,239,59,434,86,625,691,"4,417",,,,,,,,,,,,,,,,,,
,BiXIDA*,4,27,114,47,194,68,316,575,"2,326",,,,,,,,,,,,,,,,,,
6x7,XMM,-2,93,232,228,672,357,"1,073","2,130","7,926",,,,,,,,,,,,,,,,,,
,XMM,-1,93,276,228,737,357,"1,101","2,130","7,948",,,,,,,,,,,,,,,,,,
,XMM,1,93,300,228,599,357,"1,013","2,130","9,207",,,,,,,,,,,,,,,,,,
,XMM,2,93,238,228,664,357,"1,251","2,130","7,823",,,,,,,,,,,,,,,,,,
,XMM,3,93,270,228,726,357,"1,258","2,130","7,162",,,,,,,,,,,,,,,,,,
,XMM,4,93,262,228,742,357,989,"2,130","8,097",,,,,,,,,,,,,,,,,,
,XA*,-2,80,124,151,234,310,584,"6,055","9,288",,,,,,,,,,,,,,,,,,
,XA*,-1,80,122,151,240,310,566,"6,055","9,419",,,,,,,,,,,,,,,,,,
,XA*,1,80,125,151,233,310,584,"6,055","9,408",,,,,,,,,,,,,,,,,,
,XA*,2,39,98,75,192,150,581,"3,027","10,279",,,,,,,,,,,,,,,,,,
,XA*,3,27,114,50,209,104,642,"2,006","9,778",,,,,,,,,,,,,,,,,,
,XA*,4,19,128,37,245,75,499,"1,497","11,457",,,,,,,,,,,,,,,,,,
,BiXA*,-2,94,105,197,212,484,671,"10,101","9,832",,,,,,,,,,,,,,,,,,
,BiXA*,-1,116,133,178,191,428,610,"8,060","8,103",,,,,,,,,,,,,,,,,,
,BiXA*,1,198,488,399,873,"1,030","3,103","12,862","30,392",,,,,,,,,,,,,,,,,,
,BiXA*,2,60,101,88,141,213,656,"4,005","7,889",,,,,,,,,,,,,,,,,,
,BiXA*,3,41,292,65,433,151,"1,736","2,989","23,995",,,,,,,,,,,,,,,,,,
,BiXA*,4,29,144,45,220,109,596,"2,050","10,857",,,,,,,,,,,,,,,,,,
,XDFBnB,-2,83,103,162,191,340,417,"7,532","8,950",,,,,,,,,,,,,,,,,,
,XDFBnB,-1,83,110,162,193,340,404,"7,532","7,699",,,,,,,,,,,,,,,,,,
,XDFBnB,1,83,101,162,205,340,406,"7,532","9,705",,,,,,,,,,,,,,,,,,
,XDFBnB,2,40,96,80,188,163,363,"3,790","7,997",,,,,,,,,,,,,,,,,,
,XDFBnB,3,28,111,54,211,113,438,"2,489","9,457",,,,,,,,,,,,,,,,,,
,XDFBnB,4,20,152,38,250,81,536,"1,903","10,983",,,,,,,,,,,,,,,,,,
,BiXDFBnB,-2,95,121,216,261,512,729,"10,120","12,457",,,,,,,,,,,,,,,,,,
,BiXDFBnB,-1,121,148,196,248,454,613,"8,155","9,090",,,,,,,,,,,,,,,,,,
,BiXDFBnB,1,208,562,416,"1,081","1,056","3,057","12,882","38,452",,,,,,,,,,,,,,,,,,
,BiXDFBnB,2,62,110,95,162,220,433,"4,049","6,845",,,,,,,,,,,,,,,,,,
,BiXDFBnB,3,41,332,71,520,158,"1,361","3,025","23,154",,,,,,,,,,,,,,,,,,
,BiXDFBnB,4,30,165,48,241,111,647,"2,069","9,276",,,,,,,,,,,,,,,,,,
,XIDA*,-2,126,171,195,304,415,592,"7,894","8,332",,,,,,,,,,,,,,,,,,
,XIDA*,-1,126,167,195,250,415,597,"7,894","8,250",,,,,,,,,,,,,,,,,,
,XIDA*,1,126,404,195,237,415,593,"7,894","8,298",,,,,,,,,,,,,,,,,,
,XIDA*,2,60,345,96,218,202,543,"3,974","7,839",,,,,,,,,,,,,,,,,,
,XIDA*,3,38,202,64,264,139,661,"2,610","9,446",,,,,,,,,,,,,,,,,,
,XIDA*,4,30,291,46,319,99,890,"1,992","12,569",,,,,,,,,,,,,,,,,,
,BiXIDA*,-2,109,134,245,403,632,"1,000","10,891","12,134",,,,,,,,,,,,,,,,,,
,BiXIDA*,-1,153,193,225,286,538,867,"8,866","10,081",,,,,,,,,,,,,,,,,,
,BiXIDA*,1,297,"2,192",529,"1,368","1,302","4,367","14,400","38,097",,,,,,,,,,,,,,,,,,
,BiXIDA*,2,78,372,111,194,262,623,"4,405","7,116",,,,,,,,,,,,,,,,,,
,BiXIDA*,3,53,537,86,604,190,"1,971","3,267","24,144",,,,,,,,,,,,,,,,,,
,BiXIDA*,4,37,255,57,295,134,"1,047","2,247","11,042",,,,,,,,,,,,,,,,,,
6x8,XMM,-2,148,417,920,"6,616",845,"3,238","9,929","47,265",,,,,,,,,,,,,,,,,,
,XMM,-1,148,492,920,"2,850",845,"3,165","9,929","37,457",,,,,,,,,,,,,,,,,,
,XMM,1,148,426,920,"3,312",845,"3,152","9,929","41,241",,,,,,,,,,,,,,,,,,
,XMM,2,148,468,920,"2,924",845,"3,191","9,929","48,168",,,,,,,,,,,,,,,,,,
,XMM,3,148,392,920,"3,295",845,"3,620","9,929","41,653",,,,,,,,,,,,,,,,,,
,XMM,4,148,517,920,"3,642",845,"3,169","9,929","42,395",,,,,,,,,,,,,,,,,,
,XA*,-2,113,192,844,"1,404","1,107","1,872","24,909","39,131",,,,,,,,,,,,,,,,,,
,XA*,-1,113,192,844,"1,620","1,107","1,932","24,909","43,270",,,,,,,,,,,,,,,,,,
,XA*,1,113,197,844,"1,478","1,107","1,891","24,909","43,018",,,,,,,,,,,,,,,,,,
,XA*,2,56,155,430,"1,252",543,"1,488","12,686","34,645",,,,,,,,,,,,,,,,,,
,XA*,3,36,170,275,"1,315",372,"1,772","8,222","35,913",,,,,,,,,,,,,,,,,,
,XA*,4,27,205,211,"1,421",275,"2,136","6,120","44,842",,,,,,,,,,,,,,,,,,
,BiXA*,-2,125,141,"1,609","1,787",911,"1,121","44,696","41,572",,,,,,,,,,,,,,,,,,
,BiXA*,-1,112,134,"1,552","1,870","1,086","1,418","35,487","38,937",,,,,,,,,,,,,,,,,,
,BiXA*,1,206,549,"2,915","7,541","2,230","6,268","55,190","140,019",,,,,,,,,,,,,,,,,,
,BiXA*,2,56,92,778,"1,186",549,"1,050","17,732","29,000",,,,,,,,,,,,,,,,,,
,BiXA*,3,39,273,516,"3,457",374,"3,412","11,599","86,229",,,,,,,,,,,,,,,,,,
,BiXA*,4,29,116,395,"1,400",278,"1,688","9,369","44,591",,,,,,,,,,,,,,,,,,
,XDFBnB,-2,128,191,978,"1,228","1,215","1,584","35,500","37,471",,,,,,,,,,,,,,,,,,
,XDFBnB,-1,128,187,978,"1,232","1,215","1,598","35,500","36,677",,,,,,,,,,,,,,,,,,
,XDFBnB,1,128,195,978,"1,139","1,215","1,606","35,500","36,616",,,,,,,,,,,,,,,,,,
,XDFBnB,2,61,180,489,"1,206",598,"1,636","18,294","35,105",,,,,,,,,,,,,,,,,,
,XDFBnB,3,40,174,309,"1,131",410,"1,870","11,640","42,949",,,,,,,,,,,,,,,,,,
,XDFBnB,4,28,207,236,"1,429",305,"2,271","8,973","55,010",,,,,,,,,,,,,,,,,,
,BiXDFBnB,-2,145,200,"1,688","2,177",919,"1,315","47,016","55,266",,,,,,,,,,,,,,,,,,
,BiXDFBnB,-1,133,191,"1,591","1,944","1,103","1,636","36,126","42,621",,,,,,,,,,,,,,,,,,
,BiXDFBnB,1,271,823,"3,146","8,545","2,249","7,566","59,283","168,663",,,,,,,,,,,,,,,,,,
,BiXDFBnB,2,66,138,796,"1,388",554,"1,247","18,022","30,666",,,,,,,,,,,,,,,,,,
,BiXDFBnB,3,47,341,528,"3,430",376,"3,786","11,910","98,704",,,,,,,,,,,,,,,,,,
,BiXDFBnB,4,32,147,399,"1,449",280,"1,829","9,485","48,710",,,,,,,,,,,,,,,,,,
,XIDA*,-2,204,286,"1,179","1,485","1,308","1,671","37,942","43,911",,,,,,,,,,,,,,,,,,
,XIDA*,-1,204,292,"1,179","1,466","1,308","1,668","37,942","42,492",,,,,,,,,,,,,,,,,,
,XIDA*,1,204,286,"1,179","1,478","1,308","1,642","37,942","42,036",,,,,,,,,,,,,,,,,,
,XIDA*,2,102,258,604,"1,368",638,"1,555","19,572","37,424",,,,,,,,,,,,,,,,,,
,XIDA*,3,66,331,384,"1,544",418,"1,844","12,450","44,456",,,,,,,,,,,,,,,,,,
,XIDA*,4,50,432,299,"1,925",308,"2,439","9,623","56,692",,,,,,,,,,,,,,,,,,
,BiXIDA*,-2,212,282,"2,337","3,063",995,"1,535","53,683","73,027",,,,,,,,,,,,,,,,,,
,BiXIDA*,-1,176,242,"2,001","2,475","1,186","1,865","39,441","52,216",,,,,,,,,,,,,,,,,,
,BiXIDA*,1,353,"1,041","4,357","12,533","2,479","8,100","64,344","198,609",,,,,,,,,,,,,,,,,,
,BiXIDA*,2,88,162,993,"1,674",598,"1,234","19,676","33,380",,,,,,,,,,,,,,,,,,
,BiXIDA*,3,60,544,700,"5,173",407,"3,926","13,128","102,324",,,,,,,,,,,,,,,,,,
,BiXIDA*,4,44,247,512,"2,096",304,"1,989","10,445","51,977",,,,,,,,,,,,,,,,,,
7x7,XMM,-2,158,466,816,"2,619","1,880","6,696","10,199","40,435",,,,,,,,,,,,,,,,,,
,XMM,-1,158,457,816,"2,629","1,880","6,725","10,199","40,710",,,,,,,,,,,,,,,,,,
,XMM,1,158,428,816,"2,428","1,880","10,956","10,199","46,970",,,,,,,,,,,,,,,,,,
,XMM,2,158,551,816,"2,838","1,880","6,964","10,199","46,480",,,,,,,,,,,,,,,,,,
,XMM,3,158,474,816,"3,208","1,880","6,109","10,199","44,722",,,,,,,,,,,,,,,,,,
,XMM,4,158,515,816,"2,661","1,880","6,653","10,199","40,561",,,,,,,,,,,,,,,,,,
,XA*,-2,140,233,873,"1,480","1,584","2,845","19,676","34,506",,,,,,,,,,,,,,,,,,
,XA*,-1,140,239,873,"1,475","1,584","2,839","19,676","34,999",,,,,,,,,,,,,,,,,,
,XA*,1,140,239,873,"1,488","1,584","2,708","19,676","34,914",,,,,,,,,,,,,,,,,,
,XA*,2,69,195,432,"1,182",782,"2,294","10,135","28,621",,,,,,,,,,,,,,,,,,
,XA*,3,48,214,292,"1,306",529,"2,570","6,571","27,779",,,,,,,,,,,,,,,,,,
,XA*,4,35,254,212,"1,547",389,"3,110","5,020","34,333",,,,,,,,,,,,,,,,,,
,BiXA*,-2,173,225,"1,354","1,480","2,526","3,071","29,078","32,970",,,,,,,,,,,,,,,,,,
,BiXA*,-1,140,191,"1,364","1,563","2,604","3,144","25,996","30,342",,,,,,,,,,,,,,,,,,
,BiXA*,1,304,849,"2,001","5,201","5,353","13,941","57,642","150,882",,,,,,,,,,,,,,,,,,
,BiXA*,2,70,143,686,"1,151","1,316","2,386","12,985","22,560",,,,,,,,,,,,,,,,,,
,BiXA*,3,55,503,465,"3,519",852,"7,250","9,386","66,943",,,,,,,,,,,,,,,,,,
,BiXA*,4,35,212,346,"1,574",640,"3,596","6,804","30,403",,,,,,,,,,,,,,,,,,
,XDFBnB,-2,154,194,"1,057","1,369","1,661","2,119","26,056","32,446",,,,,,,,,,,,,,,,,,
,XDFBnB,-1,154,197,"1,057","1,294","1,661","2,438","26,056","36,979",,,,,,,,,,,,,,,,,,
,XDFBnB,1,154,188,"1,057","1,283","1,661","2,135","26,056","36,216",,,,,,,,,,,,,,,,,,
,XDFBnB,2,76,183,517,"1,250",820,"1,949","13,396","29,488",,,,,,,,,,,,,,,,,,
,XDFBnB,3,50,203,354,"1,383",555,"2,629","8,668","35,175",,,,,,,,,,,,,,,,,,
,XDFBnB,4,39,303,259,"1,792",408,"3,064","6,709","44,032",,,,,,,,,,,,,,,,,,
,BiXDFBnB,-2,191,260,"1,398","1,816","2,662","3,554","29,111","40,084",,,,,,,,,,,,,,,,,,
,BiXDFBnB,-1,165,230,"1,430","1,868","2,692","4,063","26,012","40,561",,,,,,,,,,,,,,,,,,
,BiXDFBnB,1,359,"1,068","2,148","6,369","5,616","16,918","57,664","197,244",,,,,,,,,,,,,,,,,,
,BiXDFBnB,2,80,173,718,"1,398","1,360","2,533","12,992","24,552",,,,,,,,,,,,,,,,,,
,BiXDFBnB,3,62,570,483,"4,008",872,"8,288","9,390","82,876",,,,,,,,,,,,,,,,,,
,BiXDFBnB,4,39,270,353,"1,753",654,"3,759","6,807","35,861",,,,,,,,,,,,,,,,,,
,XIDA*,-2,173,232,"1,208","1,828","1,693","2,208","30,447","39,649",,,,,,,,,,,,,,,,,,
,XIDA*,-1,173,260,"1,208","2,091","1,693","2,218","30,447","36,198",,,,,,,,,,,,,,,,,,
,XIDA*,1,173,325,"1,208","1,529","1,693","2,199","30,447","37,895",,,,,,,,,,,,,,,,,,
,XIDA*,2,86,215,600,"1,412",834,"1,976","15,693","33,270",,,,,,,,,,,,,,,,,,
,XIDA*,3,59,324,404,"1,670",567,"2,577","10,132","36,869",,,,,,,,,,,,,,,,,,
,XIDA*,4,44,370,300,"2,362",416,"3,933","7,863","47,752",,,,,,,,,,,,,,,,,,
,BiXIDA*,-2,215,308,"1,621","2,539","2,623","3,626","32,544","48,292",,,,,,,,,,,,,,,,,,
,BiXIDA*,-1,179,307,"1,648","2,889","2,680","3,612","29,324","39,160",,,,,,,,,,,,,,,,,,
,BiXIDA*,1,367,"1,536","2,539","8,037","6,053","18,293","70,529","225,087",,,,,,,,,,,,,,,,,,
,BiXIDA*,2,90,188,828,"1,609","1,354","2,535","14,636","26,919",,,,,,,,,,,,,,,,,,
,BiXIDA*,3,67,769,559,"4,826",869,"7,843","10,775","85,725",,,,,,,,,,,,,,,,,,
,BiXIDA*,4,43,317,422,"2,412",652,"4,348","7,716","38,116",,,,,,,,,,,,,,,,,,
7x8,XMM,-2,283,"1,088","1,830","7,950","6,722","25,547","20,298","96,482",,,,,,,,,,,,,,,,,,
,XMM,-1,283,"1,138","1,830","8,062","6,722","26,461","20,298","93,525",,,,,,,,,,,,,,,,,,
,XMM,1,283,"1,095","1,830","8,242","6,722","26,012","20,298","92,829",,,,,,,,,,,,,,,,,,
,XMM,2,283,"1,157","1,830","7,828","6,722","26,036","20,298","108,384",,,,,,,,,,,,,,,,,,
,XMM,3,283,"1,109","1,830","7,876","6,722","31,069","20,298","99,578",,,,,,,,,,,,,,,,,,
,XMM,4,283,"1,086","1,830","6,973","6,722","34,121","20,298","87,448",,,,,,,,,,,,,,,,,,
,XA*,-2,272,528,973,"2,064","13,790","26,073","62,236","111,196",,,,,,,,,,,,,,,,,,
,XA*,-1,272,523,973,"2,075","13,790","25,870","62,236","111,917",,,,,,,,,,,,,,,,,,
,XA*,1,272,528,973,"2,040","13,790","25,724","62,236","110,472",,,,,,,,,,,,,,,,,,
,XA*,2,136,435,489,"1,744","6,788","19,502","31,780","90,538",,,,,,,,,,,,,,,,,,
,XA*,3,91,478,323,"1,918","4,581","21,935","20,797","95,970",,,,,,,,,,,,,,,,,,
,XA*,4,69,561,243,"2,308","3,358","25,870","15,430","134,422",,,,,,,,,,,,,,,,,,
,BiXA*,-2,410,524,"2,433","3,418","21,930","27,366","111,015","115,729",,,,,,,,,,,,,,,,,,
,BiXA*,-1,360,503,"2,543","3,365","20,400","24,953","90,889","104,953",,,,,,,,,,,,,,,,,,
,BiXA*,1,715,"2,170","4,534","13,287","41,006","116,710","181,823","464,072",,,,,,,,,,,,,,,,,,
,BiXA*,2,181,374,"1,266","2,456","10,141","18,312","45,619","76,953",,,,,,,,,,,,,,,,,,
,BiXA*,3,119,"1,120",859,"7,757","7,225","58,957","30,461","240,184",,,,,,,,,,,,,,,,,,
,BiXA*,4,90,514,634,"3,346","5,038","26,179","22,878","145,130",,,,,,,,,,,,,,,,,,
,XDFBnB,-2,292,510,"1,185","1,974","16,928","24,680","75,606","105,410",,,,,,,,,,,,,,,,,,
,XDFBnB,-1,292,489,"1,185","2,143","16,928","25,794","75,606","105,618",,,,,,,,,,,,,,,,,,
,XDFBnB,1,292,504,"1,185","1,847","16,928","22,983","75,606","104,463",,,,,,,,,,,,,,,,,,
,XDFBnB,2,149,420,595,"1,989","8,412","18,449","36,609","85,209",,,,,,,,,,,,,,,,,,
,XDFBnB,3,98,534,397,"2,204","5,638","27,303","25,307","106,164",,,,,,,,,,,,,,,,,,
,XDFBnB,4,74,595,297,"3,040","4,252","26,684","18,243","134,663",,,,,,,,,,,,,,,,,,
,BiXDFBnB,-2,415,686,"2,456","3,922","22,062","34,016","111,039","154,612",,,,,,,,,,,,,,,,,,
,BiXDFBnB,-1,370,601,"2,576","4,390","20,446","32,263","90,905","138,172",,,,,,,,,,,,,,,,,,
,BiXDFBnB,1,751,"2,704","4,598","15,185","41,103","132,719","181,895","612,095",,,,,,,,,,,,,,,,,,
,BiXDFBnB,2,185,414,"1,281","2,887","10,162","18,368","45,627","85,521",,,,,,,,,,,,,,,,,,
,BiXDFBnB,3,122,"1,331",871,"8,424","7,246","75,614","30,463","260,766",,,,,,,,,,,,,,,,,,
,BiXDFBnB,4,90,563,641,"4,123","5,046","25,316","22,882","130,154",,,,,,,,,,,,,,,,,,
,XIDA*,-2,339,540,"1,464","2,462","19,465","25,990","79,139","103,338",,,,,,,,,,,,,,,,,,
,XIDA*,-1,339,546,"1,464","2,389","19,465","29,800","79,139","113,917",,,,,,,,,,,,,,,,,,
,XIDA*,1,339,548,"1,464","2,858","19,465","26,471","79,139","109,079",,,,,,,,,,,,,,,,,,
,XIDA*,2,174,540,734,"2,370","9,595","24,680","38,392","100,138",,,,,,,,,,,,,,,,,,
,XIDA*,3,115,615,490,"2,729","6,466","26,282","26,474","116,605",,,,,,,,,,,,,,,,,,
,XIDA*,4,87,790,367,"3,687","4,842","32,746","19,141","152,064",,,,,,,,,,,,,,,,,,
,BiXIDA*,-2,519,767,"3,097","5,082","24,652","35,548","122,365","163,545",,,,,,,,,,,,,,,,,,
,BiXIDA*,-1,402,633,"3,331","5,139","23,273","38,566","96,829","152,880",,,,,,,,,,,,,,,,,,
,BiXIDA*,1,860,"2,975","6,268","25,030","49,899","163,643","200,309","688,456",,,,,,,,,,,,,,,,,,
,BiXIDA*,2,200,453,"1,656","3,840","11,534","23,635","48,569","99,118",,,,,,,,,,,,,,,,,,
,BiXIDA*,3,133,"1,297","1,132","11,082","8,323","66,511","32,552","283,984",,,,,,,,,,,,,,,,,,
,BiXIDA*,4,98,594,828,"5,120","5,739","29,402","24,319","145,180",,,,,,,,,,,,,,,,,,
8x8,XMM,-2,"2,584","12,512","3,660","17,838","16,490","86,341",OOM,OOM,,,,,,,,,,,,,,,,,,
,XMM,-1,"2,584","11,342","3,660","15,786","16,490","85,928",OOM,OOM,,,,,,,,,,,,,,,,,,
,XMM,1,"2,584","10,552","3,660","18,145","16,490","90,670",OOM,OOM,,,,,,,,,,,,,,,,,,
,XMM,2,"2,584","11,643","3,660","17,824","16,490","87,929",OOM,OOM,,,,,,,,,,,,,,,,,,
,XMM,3,"2,584","11,822","3,660","16,131","16,490","87,435",OOM,OOM,,,,,,,,,,,,,,,,,,
,XMM,4,"2,584","11,329","3,660","16,440","16,490","83,460",OOM,OOM,,,,,,,,,,,,,,,,,,
,XA*,-2,"2,125","4,373","4,844","10,321","31,406","68,221","223,076","556,386",,,,,,,,,,,,,,,,,,
,XA*,-1,"2,125","4,313","4,844","10,237","31,406","67,978","223,076","553,555",,,,,,,,,,,,,,,,,,
,XA*,1,"2,125","4,307","4,844","9,941","31,406","66,298","223,076","565,228",,,,,,,,,,,,,,,,,,
,XA*,2,"1,020","3,336","2,476","8,460","15,851","54,167","107,125","411,298",,,,,,,,,,,,,,,,,,
,XA*,3,709,"3,829","1,611","8,815","10,403","57,900","73,709","502,824",,,,,,,,,,,,,,,,,,
,XA*,4,502,"4,391","1,218","10,654","7,844","71,277","53,284","602,473",,,,,,,,,,,,,,,,,,
,BiXA*,-2,"6,382","8,144","9,554","12,997","73,451","100,729","735,277","963,007",,,,,,,,,,,,,,,,,,
,BiXA*,-1,"5,083","6,317","7,499","9,840","78,346","112,481","412,494","611,276",,,,,,,,,,,,,,,,,,
,BiXA*,1,"10,848","29,916","15,284","46,683","160,906","459,870","870,676","2,848,721",,,,,,,,,,,,,,,,,,
,BiXA*,2,"2,543","4,608","3,730","7,587","38,888","84,190","206,404","419,191",,,,,,,,,,,,,,,,,,
,BiXA*,3,"1,844","14,296","2,707","22,945","29,784","262,771","149,963","1,628,713",,,,,,,,,,,,,,,,,,
,BiXA*,4,"1,212","5,652","1,976","10,722","19,731","122,414","96,408","654,186",,,,,,,,,,,,,,,,,,
,XDFBnB,-2,"2,364","3,632","6,525","11,868","47,121","71,851","267,658","407,179",,,,,,,,,,,,,,,,,,
,XDFBnB,-1,"2,364","3,638","6,525","10,811","47,121","74,740","267,658","417,492",,,,,,,,,,,,,,,,,,
,XDFBnB,1,"2,364","3,821","6,525","10,506","47,121","70,854","267,658","496,493",,,,,,,,,,,,,,,,,,
,XDFBnB,2,"1,119","3,406","3,329","8,709","23,581","63,145","128,162","434,676",,,,,,,,,,,,,,,,,,
,XDFBnB,3,773,"3,862","2,176","11,303","15,561","74,702","88,461","468,797",,,,,,,,,,,,,,,,,,
,XDFBnB,4,549,"4,923","1,603","12,299","11,785","94,442","64,134","540,173",,,,,,,,,,,,,,,,,,
,BiXDFBnB,-2,"6,390","9,263","10,186","19,112","73,509","116,297","785,856","1,014,314",,,,,,,,,,,,,,,,,,
,BiXDFBnB,-1,"5,100","7,310","8,506","14,353","78,488","135,439","434,507","623,299",,,,,,,,,,,,,,,,,,
,BiXDFBnB,1,"10,940","37,038","17,060","64,450","161,147","557,462","998,196","4,267,087",,,,,,,,,,,,,,,,,,
,BiXDFBnB,2,"2,552","5,654","4,218","8,955","38,947","88,065","217,459","472,289",,,,,,,,,,,,,,,,,,
,BiXDFBnB,3,"1,846","15,278","3,086","31,475","29,811","292,166","158,078","1,476,237",,,,,,,,,,,,,,,,,,
,BiXDFBnB,4,"1,214","6,254","2,193","12,380","19,758","121,279","102,112","559,982",,,,,,,,,,,,,,,,,,
,XIDA*,-2,"2,606","4,177","8,354","19,529","54,007","90,046","293,095","535,351",,,,,,,,,,,,,,,,,,
,XIDA*,-1,"2,606","4,070","8,354","14,201","54,007","85,891","293,095","512,794",,,,,,,,,,,,,,,,,,
,XIDA*,1,"2,606","4,036","8,354","13,658","54,007","84,289","293,095","495,900",,,,,,,,,,,,,,,,,,
,XIDA*,2,"1,253","3,822","4,307","12,956","27,337","77,295","140,372","417,389",,,,,,,,,,,,,,,,,,
,XIDA*,3,868,"4,637","2,796","14,355","17,929","85,312","96,926","493,127",,,,,,,,,,,,,,,,,,
,XIDA*,4,619,"5,217","2,115","19,506","13,723","134,747","70,251","695,894",,,,,,,,,,,,,,,,,,
,BiXIDA*,-2,"9,506","14,929","13,674","32,060","87,855","160,498","836,140","1,198,772",,,,,,,,,,,,,,,,,,
,BiXIDA*,-1,"7,161","11,083","10,038","16,605","96,701","170,035","428,435","742,161",,,,,,,,,,,,,,,,,,
,BiXIDA*,1,"16,990","57,980","22,804","89,424","204,448","755,690","979,602","3,638,957",,,,,,,,,,,,,,,,,,
,BiXIDA*,2,"3,559","8,157","4,998","11,607","47,966","115,251","214,318","443,504",,,,,,,,,,,,,,,,,,
,BiXIDA*,3,"2,616","25,640","3,618","34,373","36,694","356,952","156,922","1,468,178",,,,,,,,,,,,,,,,,,
,BiXIDA*,4,"1,672","8,650","2,648","16,705","24,396","196,974","100,453","617,050",,,,,,,,,,,,,,,,,,

--- Snake Grids ---,,,,,,,,,,,Winners
Grid,Algorithm,Lookahead,20% Expansions,20% Time [ms],16% Expansions,16% Time [ms],12% Expansions,12% Time [ms],8% Expansions,8% Time [ms],,Grid,20% Expansions,,20% Time [ms],,16% Expansions,,16% Time [ms],,12% Expansions,,12% Time [ms],,8% Expansions,,8% Time [ms],
7x7,XMM,-2,119,406,203,645,347,"1,410","1,119","4,778",,7x7,XA* (lh=4),30,XDFBnB (lh=4),225,XA* (lh=4),46,BiXA* (lh=2),378,XA* (lh=4),62,BiXA* (lh=2),644,BiXA* (lh=4),207,BiXA* (lh=2),"1,959"
,XMM,-1,119,434,203,639,347,"1,448","1,119","4,503",,7x8,BiXA* (lh=4),45,BiXA* (lh=2),448,XA* (lh=4),106,BiXA* (lh=2),"1,199",XA* (lh=4),148,BiXA* (lh=2),"1,746",BiXA* (lh=4),492,BiXA* (lh=2),"5,217"
,XMM,1,119,367,203,719,347,"1,221","1,119","4,309",,7x9,XA* (lh=4),68,XA* (lh=2),800,BiXA* (lh=4),197,BiXA* (lh=4),"1,803",XA* (lh=4),438,XDFBnB (lh=2),"6,674",XA* (lh=4),403,XA* (lh=2),"6,301"
,XMM,2,119,417,203,682,347,"1,471","1,119","4,067",,8x8,XA* (lh=4),85,BiXA* (lh=2),843,BiXA* (lh=4),154,BiXA* (lh=2),"1,704",BiXA* (lh=4),534,BiXA* (lh=2),"5,665",XA* (lh=4),840,BiXA* (lh=2),"10,342"
,XMM,3,119,389,203,755,347,"1,446","1,119","4,042",,8x9,XA* (lh=4),114,XA* (lh=2),"1,727",XA* (lh=4),463,XA* (lh=3),"6,844",XA* (lh=4),"1,168",BiXA* (lh=2),"13,779",BiXA* (lh=4),"3,455",BiXA* (lh=2),"47,324"
,XMM,4,119,498,203,839,347,"1,218","1,119","5,257",,9x9,XA* (lh=4),481,XA* (lh=3),"6,774",BiXA* (lh=4),"1,244",BiXA* (lh=2),"16,615",XA* (lh=4),"1,728",BiXA* (lh=2),"35,283",XA* (lh=4),"6,161",BiXA* (lh=2),"108,558"
,XA*,-2,111,313,179,638,224,"1,050",927,"3,434",,,,,,,,,,,,,,,,,,
,XA*,-1,111,307,179,601,224,"1,033",927,"3,740",,,,,,,,,,,,,,,,,,
,XA*,1,111,312,179,617,224,947,927,"3,776",,,,,,,,,,,,,,,,,,
,XA*,2,64,249,95,482,118,758,497,"3,168",,,,,,,,,,,,,,,,,,
,XA*,3,38,235,64,442,76,840,330,"3,800",,,,,,,,,,,,,,,,,,
,XA*,4,30,232,46,483,62,"1,217",269,"4,374",,,,,,,,,,,,,,,,,,
,BiXA*,-2,107,270,152,508,256,937,796,"2,583",,,,,,,,,,,,,,,,,,
,BiXA*,-1,115,312,148,508,219,925,756,"2,731",,,,,,,,,,,,,,,,,,
,BiXA*,1,419,"1,351",322,"1,731",543,"3,161","1,928","11,094",,,,,,,,,,,,,,,,,,
,BiXA*,2,71,238,78,378,112,644,396,"1,959",,,,,,,,,,,,,,,,,,
,BiXA*,3,61,640,70,986,103,"1,881",386,"7,369",,,,,,,,,,,,,,,,,,
,BiXA*,4,33,252,49,471,70,"1,081",207,"2,995",,,,,,,,,,,,,,,,,,
,XDFBnB,-2,134,304,220,564,409,"1,133","1,122","3,055",,,,,,,,,,,,,,,,,,
,XDFBnB,-1,134,299,220,549,409,"1,138","1,122","3,503",,,,,,,,,,,,,,,,,,
,XDFBnB,1,134,304,220,542,409,"1,263","1,122","3,049",,,,,,,,,,,,,,,,,,
,XDFBnB,2,97,277,113,425,153,855,825,"3,779",,,,,,,,,,,,,,,,,,
,XDFBnB,3,46,279,75,466,116,911,450,"3,714",,,,,,,,,,,,,,,,,,
,XDFBnB,4,38,225,66,480,88,"1,157",387,"3,855",,,,,,,,,,,,,,,,,,
,BiXDFBnB,-2,142,363,199,541,337,"1,077",943,"2,754",,,,,,,,,,,,,,,,,,
,BiXDFBnB,-1,142,372,177,547,387,"1,215",981,"3,296",,,,,,,,,,,,,,,,,,
,BiXDFBnB,1,649,"1,935",418,"1,892","1,188","5,154","3,020","13,221",,,,,,,,,,,,,,,,,,
,BiXDFBnB,2,93,273,99,394,165,863,508,"2,505",,,,,,,,,,,,,,,,,,
,BiXDFBnB,3,74,829,79,"1,117",131,"2,224",556,"7,784",,,,,,,,,,,,,,,,,,
,BiXDFBnB,4,37,260,58,489,81,"1,014",276,"2,742",,,,,,,,,,,,,,,,,,
,XIDA*,-2,257,859,417,"1,314",495,"1,750","2,015","6,705",,,,,,,,,,,,,,,,,,
,XIDA*,-1,257,871,417,"1,312",495,"1,735","2,015","6,906",,,,,,,,,,,,,,,,,,
,XIDA*,1,257,850,417,"1,268",495,"1,755","2,015","6,897",,,,,,,,,,,,,,,,,,
,XIDA*,2,132,665,207,"1,146",258,"1,663","1,070","6,819",,,,,,,,,,,,,,,,,,
,XIDA*,3,84,723,141,"1,358",168,"1,701",694,"7,058",,,,,,,,,,,,,,,,,,
,XIDA*,4,63,715,98,"1,462",132,"2,428",558,"9,217",,,,,,,,,,,,,,,,,,
,BiXIDA*,-2,261,934,330,"1,212",484,"1,681","1,575","5,482",,,,,,,,,,,,,,,,,,
,BiXIDA*,-1,289,"1,067",361,"1,377",462,"1,799","1,553","5,959",,,,,,,,,,,,,,,,,,
,BiXIDA*,1,"1,912","6,321",685,"4,365","1,078","6,656","4,309","26,484",,,,,,,,,,,,,,,,,,
,BiXIDA*,2,153,660,188,"1,157",245,"1,539",817,"4,885",,,,,,,,,,,,,,,,,,
,BiXIDA*,3,124,"1,877",158,"3,132",213,"4,348",794,"15,503",,,,,,,,,,,,,,,,,,
,BiXIDA*,4,73,795,102,"1,486",137,"2,210",427,"6,911",,,,,,,,,,,,,,,,,,
7x8,XMM,-2,167,605,615,"2,579",878,"4,532","2,625","10,831",,,,,,,,,,,,,,,,,,
,XMM,-1,167,704,615,"2,509",878,"3,858","2,625","13,228",,,,,,,,,,,,,,,,,,
,XMM,1,167,644,615,"2,686",878,"4,172","2,625","11,718",,,,,,,,,,,,,,,,,,
,XMM,2,167,684,615,"2,970",878,"4,220","2,625","12,341",,,,,,,,,,,,,,,,,,
,XMM,3,167,748,615,"2,472",878,"3,547","2,625","12,952",,,,,,,,,,,,,,,,,,
,XMM,4,167,612,615,"2,476",878,"3,728","2,625","10,824",,,,,,,,,,,,,,,,,,
,XA*,-2,170,628,400,"1,612",578,"2,543","2,209","8,385",,,,,,,,,,,,,,,,,,
,XA*,-1,170,654,400,"1,525",578,"2,508","2,209","9,177",,,,,,,,,,,,,,,,,,
,XA*,1,170,660,400,"1,554",578,"2,541","2,209","9,177",,,,,,,,,,,,,,,,,,
,XA*,2,86,506,198,"1,229",287,"2,218","1,098","7,899",,,,,,,,,,,,,,,,,,
,XA*,3,91,704,137,"1,342",210,"2,581",763,"8,878",,,,,,,,,,,,,,,,,,
,XA*,4,46,530,106,"1,522",148,"3,045",560,"10,414",,,,,,,,,,,,,,,,,,
,BiXA*,-2,243,616,827,"2,295",596,"2,165","2,379","7,255",,,,,,,,,,,,,,,,,,
,BiXA*,-1,198,639,490,"1,566",580,"2,192","1,810","6,488",,,,,,,,,,,,,,,,,,
,BiXA*,1,713,"2,459","1,594","7,590","1,192","7,806","5,059","31,767",,,,,,,,,,,,,,,,,,
,BiXA*,2,93,448,247,"1,199",302,"1,746",922,"5,217",,,,,,,,,,,,,,,,,,
,BiXA*,3,113,"1,482",274,"4,350",263,"5,169",942,"16,863",,,,,,,,,,,,,,,,,,
,BiXA*,4,45,472,120,"1,516",156,"2,429",492,"7,702",,,,,,,,,,,,,,,,,,
,XDFBnB,-2,262,696,561,"1,794","1,195","3,723","2,747","9,848",,,,,,,,,,,,,,,,,,
,XDFBnB,-1,262,708,561,"1,882","1,195","3,667","2,747","9,953",,,,,,,,,,,,,,,,,,
,XDFBnB,1,262,670,561,"1,718","1,195","3,722","2,747","9,020",,,,,,,,,,,,,,,,,,
,XDFBnB,2,117,496,269,"1,632",478,"3,048","1,319","7,143",,,,,,,,,,,,,,,,,,
,XDFBnB,3,120,632,178,"1,466",300,"2,760",898,"9,441",,,,,,,,,,,,,,,,,,
,XDFBnB,4,90,695,139,"1,895",234,"2,886",693,"8,982",,,,,,,,,,,,,,,,,,
,BiXDFBnB,-2,342,811,"1,086","3,051",934,"3,122","3,064","10,842",,,,,,,,,,,,,,,,,,
,BiXDFBnB,-1,664,"1,260",648,"2,255",917,"3,134","2,505","9,494",,,,,,,,,,,,,,,,,,
,BiXDFBnB,1,"1,906","4,551","3,356","12,367","2,442","13,314","7,990","42,121",,,,,,,,,,,,,,,,,,
,BiXDFBnB,2,385,767,329,"1,724",466,"2,650","1,183","5,754",,,,,,,,,,,,,,,,,,
,BiXDFBnB,3,333,"1,834",349,"5,032",397,"6,530","1,340","21,124",,,,,,,,,,,,,,,,,,
,BiXDFBnB,4,300,960,229,"2,232",248,"2,848",629,"7,780",,,,,,,,,,,,,,,,,,
,XIDA*,-2,497,"1,623","1,435","5,293","1,553","6,570","5,201","18,868",,,,,,,,,,,,,,,,,,
,XIDA*,-1,497,"1,688","1,435","5,256","1,553","6,136","5,201","18,666",,,,,,,,,,,,,,,,,,
,XIDA*,1,497,"1,692","1,435","5,255","1,553","8,354","5,201","18,713",,,,,,,,,,,,,,,,,,
,XIDA*,2,239,"1,318",721,"4,484",758,"7,901","2,551","15,611",,,,,,,,,,,,,,,,,,
,XIDA*,3,207,"1,385",481,"4,972",497,"6,730","1,735","19,744",,,,,,,,,,,,,,,,,,
,XIDA*,4,117,"1,319",350,"5,631",371,"7,406","1,322","22,740",,,,,,,,,,,,,,,,,,
,BiXIDA*,-2,637,"1,932","2,480","7,835","1,316","5,600","5,201","19,362",,,,,,,,,,,,,,,,,,
,BiXIDA*,-1,559,"2,004","1,496","5,805","1,481","6,061","4,199","16,964",,,,,,,,,,,,,,,,,,
,BiXIDA*,1,"1,567","7,760","4,749","28,396","2,952","29,457","11,260","76,211",,,,,,,,,,,,,,,,,,
,BiXIDA*,2,275,"1,397",768,"4,414",758,"6,025","2,126","12,815",,,,,,,,,,,,,,,,,,
,BiXIDA*,3,799,"5,362",836,"15,720",620,"15,768","1,990","42,668",,,,,,,,,,,,,,,,,,
,BiXIDA*,4,120,"1,516",370,"5,457",409,"6,966","1,140","20,491",,,,,,,,,,,,,,,,,,
7x9,XMM,-2,366,"1,635",681,"3,158","2,243","12,792","2,220","12,580",,,,,,,,,,,,,,,,,,
,XMM,-1,366,"1,815",681,"3,249","2,243","10,143","2,220","12,701",,,,,,,,,,,,,,,,,,
,XMM,1,366,"1,691",681,"3,280","2,243","10,300","2,220","13,526",,,,,,,,,,,,,,,,,,
,XMM,2,366,"1,686",681,"3,174","2,243","10,139","2,220","11,946",,,,,,,,,,,,,,,,,,
,XMM,3,366,"1,780",681,"3,430","2,243","10,959","2,220","10,507",,,,,,,,,,,,,,,,,,
,XMM,4,366,"1,561",681,"3,351","2,243","9,954","2,220","11,671",,,,,,,,,,,,,,,,,,
,XA*,-2,265,"1,024",614,"2,876","1,510","7,034","1,496","7,069",,,,,,,,,,,,,,,,,,
,XA*,-1,265,"1,016",614,"2,879","1,510","6,848","1,496","7,322",,,,,,,,,,,,,,,,,,
,XA*,1,265,"1,019",614,"2,782","1,510","6,844","1,496","7,175",,,,,,,,,,,,,,,,,,
,XA*,2,134,800,316,"2,609",776,"8,896",768,"6,301",,,,,,,,,,,,,,,,,,
,XA*,3,90,870,238,"3,228",574,"8,313",530,"6,980",,,,,,,,,,,,,,,,,,
,XA*,4,68,921,211,"2,419",438,"10,541",403,"9,316",,,,,,,,,,,,,,,,,,
,BiXA*,-2,322,"1,025","1,050","2,992","1,920","7,412","1,775","7,042",,,,,,,,,,,,,,,,,,
,BiXA*,-1,386,"1,245",747,"2,497","2,211","8,116","2,121","8,387",,,,,,,,,,,,,,,,,,
,BiXA*,1,671,"3,886","3,039","13,215","4,306","28,664","3,990","30,362",,,,,,,,,,,,,,,,,,
,BiXA*,2,214,950,428,"1,940","1,182","8,715","1,112","6,630",,,,,,,,,,,,,,,,,,
,BiXA*,3,175,"2,645",338,"5,717","1,012","22,400",952,"19,970",,,,,,,,,,,,,,,,,,
,BiXA*,4,105,"1,130",197,"1,803",590,"10,811",582,"9,111",,,,,,,,,,,,,,,,,,
,XDFBnB,-2,454,"1,360","1,140","3,048","1,830","7,522","2,529","9,630",,,,,,,,,,,,,,,,,,
,XDFBnB,-1,454,"1,397","1,140","3,432","1,830","7,437","2,529","9,567",,,,,,,,,,,,,,,,,,
,XDFBnB,1,454,"1,202","1,140","3,339","1,830","7,321","2,529","10,058",,,,,,,,,,,,,,,,,,
,XDFBnB,2,214,997,"1,140","3,240",979,"6,674","1,556","10,126",,,,,,,,,,,,,,,,,,
,XDFBnB,3,152,"1,059",467,"2,402",664,"7,627",755,"8,885",,,,,,,,,,,,,,,,,,
,XDFBnB,4,115,"1,119",324,"2,961",574,"11,655",531,"10,067",,,,,,,,,,,,,,,,,,
,BiXDFBnB,-2,395,"1,460","1,591","3,887","2,484","9,847","3,410","12,471",,,,,,,,,,,,,,,,,,
,BiXDFBnB,-1,484,"1,736","1,147","3,588","2,777","10,682","4,112","14,123",,,,,,,,,,,,,,,,,,
,BiXDFBnB,1,"1,176","5,686","6,372","20,658","5,666","38,394","8,164","54,673",,,,,,,,,,,,,,,,,,
,BiXDFBnB,2,293,"1,240",850,"2,415","1,960","8,608","2,044","10,243",,,,,,,,,,,,,,,,,,
,BiXDFBnB,3,221,"3,082",537,"5,167","1,389","23,641","1,716","31,156",,,,,,,,,,,,,,,,,,
,BiXDFBnB,4,139,"1,276",333,"2,710",948,"11,966","1,045","12,988",,,,,,,,,,,,,,,,,,
,XIDA*,-2,723,"2,918","2,151","9,261","3,402","17,723","3,565","16,954",,,,,,,,,,,,,,,,,,
,XIDA*,-1,723,"3,074","2,151","8,126","3,402","15,751","3,565","17,398",,,,,,,,,,,,,,,,,,
,XIDA*,1,723,"2,902","2,151","8,218","3,402","15,947","3,565","16,733",,,,,,,,,,,,,,,,,,
,XIDA*,2,348,"3,074","1,066","6,720","1,693","14,297","1,654","15,594",,,,,,,,,,,,,,,,,,
,XIDA*,3,247,"2,585",755,"7,538","1,205","16,794","1,102","18,119",,,,,,,,,,,,,,,,,,
,XIDA*,4,176,"2,971",561,"8,780",906,"23,289",839,"23,893",,,,,,,,,,,,,,,,,,
,BiXIDA*,-2,775,"3,128","2,876","10,287","4,120","21,163","3,865","19,080",,,,,,,,,,,,,,,,,,
,BiXIDA*,-1,846,"3,761","1,908","6,871","4,986","22,781","4,518","22,307",,,,,,,,,,,,,,,,,,
,BiXIDA*,1,"1,529","11,496","7,607","40,192","8,888","75,328","8,991","82,880",,,,,,,,,,,,,,,,,,
,BiXIDA*,2,460,"4,388","1,006","4,976","2,733","17,488","2,278","17,875",,,,,,,,,,,,,,,,,,
,BiXIDA*,3,388,"7,074",852,"15,146","2,159","49,649","2,030","56,951",,,,,,,,,,,,,,,,,,
,BiXIDA*,4,230,"3,024",469,"6,348","1,375","27,897","1,199","26,986",,,,,,,,,,,,,,,,,,
8x8,XMM,-2,304,"1,478",755,"3,804","2,479","12,440","4,726","26,542",,,,,,,,,,,,,,,,,,
,XMM,-1,304,"1,496",755,"3,610","2,479","12,419","4,726","25,465",,,,,,,,,,,,,,,,,,
,XMM,1,304,"1,464",755,"3,343","2,479","13,965","4,726","28,958",,,,,,,,,,,,,,,,,,
,XMM,2,304,"1,441",755,"3,842","2,479","13,484","4,726","24,323",,,,,,,,,,,,,,,,,,
,XMM,3,304,"1,234",755,"3,220","2,479","11,882","4,726","25,777",,,,,,,,,,,,,,,,,,
,XMM,4,304,"1,547",755,"3,757","2,479","13,802","4,726","26,154",,,,,,,,,,,,,,,,,,
,XA*,-2,324,"1,236",595,"2,628","2,191","8,744","3,072","14,365",,,,,,,,,,,,,,,,,,
,XA*,-1,324,"1,241",595,"2,667","2,191","8,788","3,072","14,292",,,,,,,,,,,,,,,,,,
,XA*,1,324,"1,294",595,"2,458","2,191","9,873","3,072","14,292",,,,,,,,,,,,,,,,,,
,XA*,2,171,"1,073",322,"1,970","1,176","7,678","1,599","13,297",,,,,,,,,,,,,,,,,,
,XA*,3,107,"1,024",216,"2,037",794,"7,847","1,077","14,118",,,,,,,,,,,,,,,,,,
,XA*,4,85,"1,321",171,"2,420",622,"10,968",840,"18,066",,,,,,,,,,,,,,,,,,
,BiXA*,-2,414,"1,309",684,"2,547","2,152","7,361","3,228","12,347",,,,,,,,,,,,,,,,,,
,BiXA*,-1,307,"1,122",594,"2,433","1,797","6,908","3,105","12,490",,,,,,,,,,,,,,,,,,
,BiXA*,1,787,"4,518","1,275","8,173","4,686","33,052","7,046","51,144",,,,,,,,,,,,,,,,,,
,BiXA*,2,175,843,310,"1,704",937,"5,665","1,602","10,342",,,,,,,,,,,,,,,,,,
,BiXA*,3,159,"2,668",289,"4,855",834,"16,541","1,466","32,654",,,,,,,,,,,,,,,,,,
,BiXA*,4,93,"1,272",154,"2,186",534,"10,582",847,"15,472",,,,,,,,,,,,,,,,,,
,XDFBnB,-2,485,"1,463",677,"2,531","3,034","10,147","4,881","17,580",,,,,,,,,,,,,,,,,,
,XDFBnB,-1,485,"1,398",677,"2,458","3,034","10,685","4,881","19,620",,,,,,,,,,,,,,,,,,
,XDFBnB,1,485,"1,441",677,"2,461","3,034","10,600","4,881","19,832",,,,,,,,,,,,,,,,,,
,XDFBnB,2,399,"1,131",363,"2,046","1,667","8,949","2,667","19,382",,,,,,,,,,,,,,,,,,
,XDFBnB,3,113,"1,271",253,"2,248","1,087","10,534","2,328","23,441",,,,,,,,,,,,,,,,,,
,XDFBnB,4,192,"1,428",197,"2,464",848,"9,945","1,592","24,496",,,,,,,,,,,,,,,,,,
,BiXDFBnB,-2,466,"1,757",911,"3,267","2,763","10,046","4,878","18,851",,,,,,,,,,,,,,,,,,
,BiXDFBnB,-1,361,"1,419",941,"3,112","2,146","9,032","6,149","26,143",,,,,,,,,,,,,,,,,,
,BiXDFBnB,1,"1,097","6,287","2,119","11,700","6,766","42,198","22,831","127,579",,,,,,,,,,,,,,,,,,
,BiXDFBnB,2,199,875,498,"2,261","1,131","6,730","3,340","18,822",,,,,,,,,,,,,,,,,,
,BiXDFBnB,3,203,"3,622",352,"5,905",974,"21,184","2,826","54,668",,,,,,,,,,,,,,,,,,
,BiXDFBnB,4,106,"1,422",197,"2,354",686,"9,426","1,696","21,450",,,,,,,,,,,,,,,,,,
,XIDA*,-2,939,"3,508","1,632","6,590","5,264","20,195","7,364","35,291",,,,,,,,,,,,,,,,,,
,XIDA*,-1,939,"3,900","1,632","7,711","5,264","24,498","7,364","40,390",,,,,,,,,,,,,,,,,,
,XIDA*,1,939,"3,452","1,632","6,414","5,264","21,540","7,364","35,108",,,,,,,,,,,,,,,,,,
,XIDA*,2,504,"3,071",854,"5,530","2,597","18,394","3,559","29,598",,,,,,,,,,,,,,,,,,
,XIDA*,3,286,"2,950",594,"7,804","1,735","19,992","2,550","38,541",,,,,,,,,,,,,,,,,,
,XIDA*,4,239,"3,197",460,"7,261","1,340","23,831","1,878","49,019",,,,,,,,,,,,,,,,,,
,BiXIDA*,-2,"1,132","4,254","1,961","7,946","4,768","19,509","6,999","34,685",,,,,,,,,,,,,,,,,,
,BiXIDA*,-1,856,"4,108","2,006","10,111","4,235","23,383","7,902","46,542",,,,,,,,,,,,,,,,,,
,BiXIDA*,1,"1,833","12,795","3,826","28,762","10,406","82,562","15,886","147,546",,,,,,,,,,,,,,,,,,
,BiXIDA*,2,434,"2,620","1,053","6,426","2,160","16,269","4,052","30,788",,,,,,,,,,,,,,,,,,
,BiXIDA*,3,383,"7,692",905,"22,820","1,818","47,063","3,557","99,144",,,,,,,,,,,,,,,,,,
,BiXIDA*,4,221,"3,151",516,"8,119","1,174","23,847","2,104","48,023",,,,,,,,,,,,,,,,,,
8x9,XMM,-2,627,"3,333","1,917","10,688","5,799","30,000","21,219","136,208",,,,,,,,,,,,,,,,,,
,XMM,-1,627,"3,406","1,917","10,017","5,799","30,400","21,219","133,066",,,,,,,,,,,,,,,,,,
,XMM,1,627,"2,897","1,917","10,651","5,799","30,746","21,219","130,157",,,,,,,,,,,,,,,,,,
,XMM,2,627,"2,881","1,917","10,458","5,799","37,165","21,219","116,416",,,,,,,,,,,,,,,,,,
,XMM,3,627,"3,271","1,917","10,592","5,799","36,716","21,219","134,884",,,,,,,,,,,,,,,,,,
,XMM,4,627,"2,911","1,917","10,318","5,799","33,867","21,219","157,256",,,,,,,,,,,,,,,,,,
,XA*,-2,456,"2,088","1,640","8,636","4,565","21,376","15,000","99,959",,,,,,,,,,,,,,,,,,
,XA*,-1,456,"1,978","1,640","8,476","4,565","21,283","15,000","70,943",,,,,,,,,,,,,,,,,,
,XA*,1,456,"2,026","1,640","10,078","4,565","20,936","15,000","69,964",,,,,,,,,,,,,,,,,,
,XA*,2,221,"1,727",849,"7,598","2,279","17,194","7,514","60,684",,,,,,,,,,,,,,,,,,
,XA*,3,183,"1,828",603,"6,844","1,623","20,262","5,270","67,455",,,,,,,,,,,,,,,,,,
,XA*,4,114,"2,914",463,"9,013","1,168","27,127","3,801","89,342",,,,,,,,,,,,,,,,,,
,BiXA*,-2,933,"3,019","2,134","9,581","6,835","24,917","16,094","96,085",,,,,,,,,,,,,,,,,,
,BiXA*,-1,814,"2,818","1,819","8,930","4,857","18,321","13,267","58,347",,,,,,,,,,,,,,,,,,
,BiXA*,1,"2,660","12,173","6,317","49,668","14,684","95,158","32,974","248,306",,,,,,,,,,,,,,,,,,
,BiXA*,2,403,"2,196",931,"7,457","2,517","13,779","6,753","47,324",,,,,,,,,,,,,,,,,,
,BiXA*,3,382,"6,304",995,"19,861","2,321","46,458","6,048","156,113",,,,,,,,,,,,,,,,,,
,BiXA*,4,224,"3,506",522,"10,513","1,393","21,773","3,455","75,440",,,,,,,,,,,,,,,,,,
,XDFBnB,-2,780,"2,649","1,995","7,904","7,146","31,451","20,095","96,948",,,,,,,,,,,,,,,,,,
,XDFBnB,-1,780,"2,667","1,995","8,772","7,146","28,632","20,095","101,779",,,,,,,,,,,,,,,,,,
,XDFBnB,1,780,"3,042","1,995","8,458","7,146","28,040","20,095","91,853",,,,,,,,,,,,,,,,,,
,XDFBnB,2,346,"2,098","1,116","7,023","3,425","21,572","9,808","72,778",,,,,,,,,,,,,,,,,,
,XDFBnB,3,350,"2,353",946,"8,985","2,580","25,673","6,847","85,725",,,,,,,,,,,,,,,,,,
,XDFBnB,4,188,"2,538",670,"10,612","1,665","25,624","5,084","121,152",,,,,,,,,,,,,,,,,,
,BiXDFBnB,-2,"1,353","4,179","2,408","9,938","9,850","42,620","22,745","110,876",,,,,,,,,,,,,,,,,,
,BiXDFBnB,-1,"1,062","3,755","2,595","12,081","6,082","25,821","17,451","98,810",,,,,,,,,,,,,,,,,,
,BiXDFBnB,1,"3,292","17,812","9,587","57,525","21,801","150,713","49,789","422,292",,,,,,,,,,,,,,,,,,
,BiXDFBnB,2,521,"2,604","1,305","7,836","3,079","17,636","10,936","72,603",,,,,,,,,,,,,,,,,,
,BiXDFBnB,3,449,"6,802","1,329","26,263","2,721","53,187","9,427","208,378",,,,,,,,,,,,,,,,,,
,BiXDFBnB,4,274,"2,819",707,"12,193","1,548","21,638","5,144","109,958",,,,,,,,,,,,,,,,,,
,XIDA*,-2,"1,635","7,373","4,879","23,708","14,922","72,748","35,116","169,849",,,,,,,,,,,,,,,,,,
,XIDA*,-1,"1,635","8,814","4,879","23,405","14,922","79,224","35,116","180,819",,,,,,,,,,,,,,,,,,
,XIDA*,1,"1,635","8,973","4,879","25,191","14,922","69,230","35,116","176,724",,,,,,,,,,,,,,,,,,
,XIDA*,2,806,"6,805","2,525","19,837","7,251","60,250","17,370","178,827",,,,,,,,,,,,,,,,,,
,XIDA*,3,558,"6,521","1,717","23,476","4,862","68,380","11,654","169,434",,,,,,,,,,,,,,,,,,
,XIDA*,4,392,"9,253","1,336","36,108","3,371","89,921","8,558","225,312",,,,,,,,,,,,,,,,,,
,BiXIDA*,-2,"2,684","10,709","6,012","30,295","22,593","104,781","35,077","175,178",,,,,,,,,,,,,,,,,,
,BiXIDA*,-1,"2,552","13,586","5,977","31,483","11,578","65,214","31,771","185,855",,,,,,,,,,,,,,,,,,
,BiXIDA*,1,"7,536","60,470","16,526","147,552","41,278","343,134","71,317","728,222",,,,,,,,,,,,,,,,,,
,BiXIDA*,2,"1,292","8,858","3,115","24,439","6,030","42,921","16,965","165,712",,,,,,,,,,,,,,,,,,
,BiXIDA*,3,"1,168","25,329","2,831","80,786","5,609","138,078","14,311","438,171",,,,,,,,,,,,,,,,,,
,BiXIDA*,4,686,"10,946","1,729","55,602","3,010","69,070","8,842","233,953",,,,,,,,,,,,,,,,,,
9x9,XMM,-2,"1,833","10,184","5,265","27,410","11,898","76,931","42,514","300,605",,,,,,,,,,,,,,,,,,
,XMM,-1,"1,833","10,247","5,265","27,088","11,898","76,761","42,514","296,708",,,,,,,,,,,,,,,,,,
,XMM,1,"1,833","11,040","5,265","39,243","11,898","69,296","42,514","257,728",,,,,,,,,,,,,,,,,,
,XMM,2,"1,833","11,408","5,265","28,565","11,898","74,962","42,514","261,447",,,,,,,,,,,,,,,,,,
,XMM,3,"1,833","10,728","5,265","31,929","11,898","71,174","42,514","297,466",,,,,,,,,,,,,,,,,,
,XMM,4,"1,833","9,489","5,265","30,645","11,898","76,513","42,514","283,379",,,,,,,,,,,,,,,,,,
,XA*,-2,"1,536","7,825","4,646","27,021","6,646","39,164","23,042","140,315",,,,,,,,,,,,,,,,,,
,XA*,-1,"1,536","10,426","4,646","23,952","6,646","41,943","23,042","157,296",,,,,,,,,,,,,,,,,,
,XA*,1,"1,536","7,154","4,646","25,996","6,646","46,514","23,042","161,285",,,,,,,,,,,,,,,,,,
,XA*,2,845,"8,010","2,518","22,830","3,387","39,109","11,938","124,756",,,,,,,,,,,,,,,,,,
,XA*,3,569,"6,774","1,606","20,653","2,369","55,962","8,078","122,116",,,,,,,,,,,,,,,,,,
,XA*,4,481,"10,419","1,294","23,696","1,728","54,558","6,161","205,576",,,,,,,,,,,,,,,,,,
,BiXA*,-2,"2,778","10,107","5,598","26,579","8,877","42,968","24,172","124,143",,,,,,,,,,,,,,,,,,
,BiXA*,-1,"1,707","9,700","4,504","20,279","8,359","43,668","26,568","156,958",,,,,,,,,,,,,,,,,,
,BiXA*,1,"6,214","37,136","12,413","110,058","18,211","202,391","56,445","637,176",,,,,,,,,,,,,,,,,,
,BiXA*,2,940,"6,964","2,314","16,615","4,250","35,283","13,794","108,558",,,,,,,,,,,,,,,,,,
,BiXA*,3,748,"16,626","2,007","46,646","3,702","132,365","11,716","308,286",,,,,,,,,,,,,,,,,,
,BiXA*,4,577,"10,541","1,244","19,577","2,127","44,499","7,385","180,716",,,,,,,,,,,,,,,,,,
,XDFBnB,-2,"1,756","8,035","8,210","36,495","10,841","68,915","38,721","210,221",,,,,,,,,,,,,,,,,,
,XDFBnB,-1,"1,756","7,699","8,210","39,516","10,841","70,533","38,721","238,238",,,,,,,,,,,,,,,,,,
,XDFBnB,1,"1,756","7,292","8,210","38,966","10,841","67,928","38,721","220,233",,,,,,,,,,,,,,,,,,
,XDFBnB,2,977,"7,079","3,859","25,211","5,055","58,200","22,354","157,621",,,,,,,,,,,,,,,,,,
,XDFBnB,3,691,"7,892","2,446","27,171","3,680","65,176","12,185","179,959",,,,,,,,,,,,,,,,,,
,XDFBnB,4,"1,040","10,300","1,875","34,216","2,624","69,987","8,518","241,571",,,,,,,,,,,,,,,,,,
,BiXDFBnB,-2,"3,248","13,202","7,707","37,488","14,742","90,995","43,469","247,669",,,,,,,,,,,,,,,,,,
,BiXDFBnB,-1,"1,986","8,543","8,307","41,721","14,650","84,575","42,820","270,448",,,,,,,,,,,,,,,,,,
,BiXDFBnB,1,"15,070","66,754","23,415","197,340","26,668","283,598","102,859","1,099,790",,,,,,,,,,,,,,,,,,
,BiXDFBnB,2,"1,113","6,850","4,169","22,994","7,712","64,503","20,410","145,591",,,,,,,,,,,,,,,,,,
,BiXDFBnB,3,"1,821","22,698","3,472","65,235","7,422","198,031","16,449","441,940",,,,,,,,,,,,,,,,,,
,BiXDFBnB,4,748,"7,872","2,127","30,400","4,578","70,122","10,039","226,633",,,,,,,,,,,,,,,,,,
,XIDA*,-2,"4,902","24,511","12,902","73,337","16,436","112,740","52,814","318,642",,,,,,,,,,,,,,,,,,
,XIDA*,-1,"4,902","26,174","12,902","66,497","16,436","106,452","52,814","328,353",,,,,,,,,,,,,,,,,,
,XIDA*,1,"4,902","27,552","12,902","67,501","16,436","101,812","52,814","328,239",,,,,,,,,,,,,,,,,,
,XIDA*,2,"2,537","21,088","6,640","56,643","8,259","91,548","26,532","271,248",,,,,,,,,,,,,,,,,,
,XIDA*,3,"1,752","22,085","4,459","71,970","5,688","107,446","17,656","407,297",,,,,,,,,,,,,,,,,,
,XIDA*,4,"1,366","33,802","3,272","73,960","4,221","131,426","13,239","400,191",,,,,,,,,,,,,,,,,,
,BiXIDA*,-2,"6,897","32,549","14,409","79,202","21,524","145,100","51,131","312,803",,,,,,,,,,,,,,,,,,
,BiXIDA*,-1,"4,701","26,956","10,808","63,585","20,443","131,024","55,717","363,014",,,,,,,,,,,,,,,,,,
,BiXIDA*,1,"14,700","144,799","30,827","323,390","38,357","462,271","120,387","1,541,722",,,,,,,,,,,,,,,,,,
,BiXIDA*,2,"2,380","18,745","5,640","46,001","9,098","82,720","28,877","258,215",,,,,,,,,,,,,,,,,,
,BiXIDA*,3,"2,068","57,939","5,013","161,701","8,088","248,605","24,754","1,076,886",,,,,,,,,,,,,,,,,,
,BiXIDA*,4,"2,166","34,160","2,986","63,880","4,485","108,580","15,518","397,746",,,,,,,,,,,,,,,,,,

--- LSP Mazes ---,,,,,,,,,,,Winners
Grid,Algorithm,Lookahead,0 blocks Expansions,0 blocks Time [ms],1 block Expansions,1 block Time [ms],2 blocks Expansions,2 blocks Time [ms],,Grid,0 blocks Expansions,,0 blocks Time [ms],,1 block Expansions,,1 block Time [ms],,2 blocks Expansions,,2 blocks Time [ms],
13x13,XMM,-2,"1,354","7,061","63,506","390,282",OOM,OOM,,13x13,XA* (lh=4),138,BiXA* (lh=4),987,BiXA* (lh=4),"5,516",BiXA* (lh=-2),"27,031",BiXA* (lh=4),"89,558",BiXA* (lh=-2),"436,479"
,XMM,-1,"1,354","6,747","63,506","362,138",OOM,OOM,,,,,,,,,,,,,,
,XMM,1,"1,354","7,058","63,506","426,133",OOM,OOM,,,,,,,,,,,,,,
,XMM,2,"1,354","6,762","63,506","387,892",OOM,OOM,,,,,,,,,,,,,,
,XMM,3,"1,354","6,885","63,506","412,530",OOM,OOM,,,,,,,,,,,,,,
,XMM,4,"1,354","6,659","63,506","385,187",OOM,OOM,,,,,,,,,,,,,,
,XA*,-2,560,"2,115","33,374","163,524","829,906","3,716,417",,,,,,,,,,,,,,
,XA*,-1,560,"2,109","33,374","165,515","829,906","3,619,738",,,,,,,,,,,,,,
,XA*,1,560,"2,092","33,374","153,833",OOM,OOM,,,,,,,,,,,,,,
,XA*,2,285,"1,682","16,689","114,413","422,864","2,842,018",,,,,,,,,,,,,,
,XA*,3,178,"1,084","11,059","93,417","273,567","2,725,450",,,,,,,,,,,,,,
,XA*,4,138,"1,038","8,277","94,832","206,699","2,980,535",,,,,,,,,,,,,,
,BiXA*,-2,979,"2,657","8,496","27,031","142,114","436,479",,,,,,,,,,,,,,
,BiXA*,-1,760,"2,225","21,361","70,908","348,634","1,006,953",,,,,,,,,,,,,,
,BiXA*,1,"1,537","10,439","94,012","637,050",OOM,OOM,,,,,,,,,,,,,,
,BiXA*,2,381,"1,368","10,847","44,244","174,434","695,691",,,,,,,,,,,,,,
,BiXA*,3,269,"2,690","6,152","78,256","156,682","2,515,072",,,,,,,,,,,,,,
,BiXA*,4,190,987,"5,516","42,093","89,558","811,702",,,,,,,,,,,,,,
,XDFBnB,-2,888,"2,961","44,477","176,643","1,470,200","5,778,507",,,,,,,,,,,,,,
,XDFBnB,-1,888,"2,907","44,477","208,414","1,470,200","6,137,894",,,,,,,,,,,,,,
,XDFBnB,1,888,"2,922","44,477","172,582",,,,,,,,,,,,,,,,
,XDFBnB,2,449,"2,010","22,232","121,644","747,285","4,485,116",,,,,,,,,,,,,,
,XDFBnB,3,292,"1,901","14,554","113,439","464,693","4,160,615",,,,,,,,,,,,,,
,XDFBnB,4,158,"1,673","11,060","128,845","362,334","4,925,469",,,,,,,,,,,,,,
,BiXDFBnB,-2,"1,142","3,867","9,663","38,756","148,754","594,494",,,,,,,,,,,,,,
,BiXDFBnB,-1,987,"3,398","24,650","116,426","375,649","1,571,933",,,,,,,,,,,,,,
,BiXDFBnB,1,"2,141","17,912","117,232","1,046,549",,,,,,,,,,,,,,,,
,BiXDFBnB,2,491,"1,732","12,806","55,288","187,675","832,488",,,,,,,,,,,,,,
,BiXDFBnB,3,375,"4,810","7,607","104,996","170,543","3,184,104",,,,,,,,,,,,,,
,BiXDFBnB,4,244,"1,793","6,506","55,140","96,194","915,194",,,,,,,,,,,,,,
,XIDA*,-2,"3,693","15,062","164,150","664,417",,,,,,,,,,,,,,,,
,XIDA*,-1,"3,693","13,545","164,150","672,586",,,,,,,,,,,,,,,,
,XIDA*,1,"3,693","12,700","164,150","707,396",,,,,,,,,,,,,,,,
,XIDA*,2,"1,879","9,903","82,568","541,147",,,,,,,,,,,,,,,,
,XIDA*,3,"1,197","9,020","54,246","465,667",,,,,,,,,,,,,,,,
,XIDA*,4,870,"8,789","41,239","503,621",,,,,,,,,,,,,,,,
,BiXIDA*,-2,"6,582","28,945","32,049","133,819",,,,,,,,,,,,,,,,
,BiXIDA*,-1,"5,066","19,805","80,093","330,822",,,,,,,,,,,,,,,,
,BiXIDA*,1,"10,690","96,523","400,018","4,034,482",,,,,,,,,,,,,,,,
,BiXIDA*,2,"2,514","10,892","41,094","209,207",,,,,,,,,,,,,,,,
,BiXIDA*,3,"1,864","24,878","23,332","357,821",,,,,,,,,,,,,,,,
,BiXIDA*,4,"1,208","8,966","20,732","178,345",,,,,,,,,,,,,,,,

--- CIB ---,,,,,,,,,,,Winners
Dimension,Algorithm,Lookahead,Finding Expansions,Finding Time [ms],Proving Expansions,Proving Time [ms],,Dimension,Finding Expansions,,Finding Time [ms],,Proving Expansions,,Proving Time [ms],
4,XMM,-2,7,6,7,7,,4,XA* (lh=4),1,BiXDFBnB (lh=4),1,XA* (lh=4),1,BiXDFBnB (lh=4),2
,XMM,-1,7,5,7,6,,5,XA* (lh=4),3,BiXDFBnB (lh=-1),17,XA* (lh=3),13,BiXDFBnB (lh=2),52
,XMM,1,7,5,7,6,,6,XDFBnB (lh=4),8,XDFBnB (lh=2),173,XA* (lh=4),"1,927",BiXA* (lh=2),"28,857"
,XMM,2,7,5,7,6,,7,XDFBnB (lh=2),"58,185",XDFBnB (lh=2),"689,338",,,,
,XMM,3,7,6,7,6,,,,,,,,,,
,XMM,4,7,5,7,6,,,,,,,,,,
,XA*,-2,4,7,4,7,,,,,,,,,,
,XA*,-1,4,13,4,14,,,,,,,,,,
,XA*,1,4,14,4,14,,,,,,,,,,
,XA*,2,2,8,4,10,,,,,,,,,,
,XA*,3,2,6,2,7,,,,,,,,,,
,XA*,4,1,5,1,7,,,,,,,,,,
,BiXA*,-2,3,3,4,3,,,,,,,,,,
,BiXA*,-1,3,7,4,8,,,,,,,,,,
,BiXA*,1,3,11,4,13,,,,,,,,,,
,BiXA*,2,2,4,5,5,,,,,,,,,,
,BiXA*,3,1,2,3,5,,,,,,,,,,
,BiXA*,4,1,2,1,3,,,,,,,,,,
,XDFBnB,-2,4,5,4,6,,,,,,,,,,
,XDFBnB,-1,4,6,4,6,,,,,,,,,,
,XDFBnB,1,4,6,4,6,,,,,,,,,,
,XDFBnB,2,2,6,4,7,,,,,,,,,,
,XDFBnB,3,2,5,2,6,,,,,,,,,,
,XDFBnB,4,1,4,1,5,,,,,,,,,,
,BiXDFBnB,-2,3,3,3,3,,,,,,,,,,
,BiXDFBnB,-1,3,3,4,4,,,,,,,,,,
,BiXDFBnB,1,3,5,3,5,,,,,,,,,,
,BiXDFBnB,2,2,3,5,3,,,,,,,,,,
,BiXDFBnB,3,1,2,3,5,,,,,,,,,,
,BiXDFBnB,4,1,1,1,2,,,,,,,,,,
,XIDA*,-2,4,10,4,10,,,,,,,,,,
,XIDA*,-1,4,8,4,8,,,,,,,,,,
,XIDA*,1,4,7,4,8,,,,,,,,,,
,XIDA*,2,2,5,6,8,,,,,,,,,,
,XIDA*,3,1,3,3,5,,,,,,,,,,
,XIDA*,4,1,3,2,5,,,,,,,,,,
,BiXIDA*,-2,4,5,4,5,,,,,,,,,,
,BiXIDA*,-1,4,4,4,5,,,,,,,,,,
,BiXIDA*,1,4,7,4,7,,,,,,,,,,
,BiXIDA*,2,2,2,5,3,,,,,,,,,,
,BiXIDA*,3,1,1,3,3,,,,,,,,,,
,BiXIDA*,4,1,1,1,2,,,,,,,,,,
5,XMM,-2,39,91,55,126,,,,,,,,,,
,XMM,-1,39,91,55,125,,,,,,,,,,
,XMM,1,39,91,55,121,,,,,,,,,,
,XMM,2,39,87,55,124,,,,,,,,,,
,XMM,3,39,87,55,122,,,,,,,,,,
,XMM,4,39,93,55,133,,,,,,,,,,
,XA*,-2,35,71,35,71,,,,,,,,,,
,XA*,-1,35,70,35,71,,,,,,,,,,
,XA*,1,35,73,35,74,,,,,,,,,,
,XA*,2,9,40,26,81,,,,,,,,,,
,XA*,3,13,73,13,74,,,,,,,,,,
,XA*,4,3,51,24,98,,,,,,,,,,
,BiXA*,-2,34,62,35,62,,,,,,,,,,
,BiXA*,-1,32,61,33,62,,,,,,,,,,
,BiXA*,1,53,169,54,171,,,,,,,,,,
,BiXA*,2,19,54,20,55,,,,,,,,,,
,BiXA*,3,10,72,18,88,,,,,,,,,,
,BiXA*,4,5,45,32,71,,,,,,,,,,
,XDFBnB,-2,33,46,58,91,,,,,,,,,,
,XDFBnB,-1,33,37,58,76,,,,,,,,,,
,XDFBnB,1,33,44,58,85,,,,,,,,,,
,XDFBnB,2,5,19,29,74,,,,,,,,,,
,XDFBnB,3,5,36,15,77,,,,,,,,,,
,XDFBnB,4,3,49,24,88,,,,,,,,,,
,BiXDFBnB,-2,30,39,55,79,,,,,,,,,,
,BiXDFBnB,-1,9,17,33,59,,,,,,,,,,
,BiXDFBnB,1,11,33,56,170,,,,,,,,,,
,BiXDFBnB,2,5,17,20,52,,,,,,,,,,
,BiXDFBnB,3,3,48,19,92,,,,,,,,,,
,BiXDFBnB,4,5,42,31,66,,,,,,,,,,
,XIDA*,-2,53,105,53,106,,,,,,,,,,
,XIDA*,-1,53,105,53,105,,,,,,,,,,
,XIDA*,1,53,106,53,106,,,,,,,,,,
,XIDA*,2,15,68,34,113,,,,,,,,,,
,XIDA*,3,10,90,18,132,,,,,,,,,,
,XIDA*,4,6,138,28,176,,,,,,,,,,
,BiXIDA*,-2,53,105,53,106,,,,,,,,,,
,BiXIDA*,-1,52,100,52,100,,,,,,,,,,
,BiXIDA*,1,79,259,79,260,,,,,,,,,,
,BiXIDA*,2,30,90,30,91,,,,,,,,,,
,BiXIDA*,3,19,167,27,219,,,,,,,,,,
,BiXIDA*,4,8,116,35,175,,,,,,,,,,
6,XMM,-2,"4,854","35,711","17,663","116,769",,,,,,,,,,
,XMM,-1,"4,854","36,520","17,663","120,205",,,,,,,,,,
,XMM,1,"4,854","38,173","17,663","128,190",,,,,,,,,,
,XMM,2,"4,854","34,014","17,663","112,428",,,,,,,,,,
,XMM,3,"4,854","36,082","17,663","122,326",,,,,,,,,,
,XMM,4,"4,854","33,701","17,663","110,563",,,,,,,,,,
,XA*,-2,"6,509","40,327","6,509","40,435",,,,,,,,,,
,XA*,-1,"6,509","40,289","6,509","40,380",,,,,,,,,,
,XA*,1,"6,509","37,708","6,509","37,781",,,,,,,,,,
,XA*,2,"3,714","46,225","3,714","46,293",,,,,,,,,,
,XA*,3,"2,298","68,187","2,298","68,385",,,,,,,,,,
,XA*,4,"1,927","129,014","1,927","129,286",,,,,,,,,,
,BiXA*,-2,"6,508","35,437","6,509","35,900",,,,,,,,,,
,BiXA*,-1,"6,450","34,491","6,451","35,003",,,,,,,,,,
,BiXA*,1,"10,980","97,095","10,981","97,826",,,,,,,,,,
,BiXA*,2,"3,630","28,587","3,631","28,857",,,,,,,,,,
,BiXA*,3,"3,033","108,522","3,034","109,756",,,,,,,,,,
,BiXA*,4,"1,999","66,033","2,000","66,780",,,,,,,,,,
,XDFBnB,-2,811,"1,616","7,251","35,700",,,,,,,,,,
,XDFBnB,-1,811,"1,573","7,251","35,582",,,,,,,,,,
,XDFBnB,1,811,"1,580","7,251","34,447",,,,,,,,,,
,XDFBnB,2,26,173,"3,727","44,809",,,,,,,,,,
,XDFBnB,3,27,376,"2,311","60,322",,,,,,,,,,
,XDFBnB,4,8,598,"1,929","100,486",,,,,,,,,,
,BiXDFBnB,-2,807,"1,734","7,247","35,336",,,,,,,,,,
,BiXDFBnB,-1,"1,529","5,645","7,597","36,572",,,,,,,,,,
,BiXDFBnB,1,983,"3,207","11,907","104,157",,,,,,,,,,
,BiXDFBnB,2,957,"4,502","4,366","32,421",,,,,,,,,,
,BiXDFBnB,3,297,"5,263","3,252","103,211",,,,,,,,,,
,BiXDFBnB,4,61,999,"2,040","55,657",,,,,,,,,,
,XIDA*,-2,"12,689","73,551","12,689","73,552",,,,,,,,,,
,XIDA*,-1,"12,689","71,225","12,689","71,226",,,,,,,,,,
,XIDA*,1,"12,689","72,151","12,689","72,152",,,,,,,,,,
,XIDA*,2,"7,203","98,904","7,203","98,905",,,,,,,,,,
,XIDA*,3,"4,522","141,150","4,522","141,152",,,,,,,,,,
,XIDA*,4,"3,735","255,582","3,735","255,585",,,,,,,,,,
,BiXIDA*,-2,"12,689","72,873","12,689","72,875",,,,,,,,,,
,BiXIDA*,-1,"13,424","72,543","13,424","72,544",,,,,,,,,,
,BiXIDA*,1,"21,332","218,853","21,332","218,855",,,,,,,,,,
,BiXIDA*,2,"7,720","69,783","7,720","69,784",,,,,,,,,,
,BiXIDA*,3,"6,048","239,923","6,048","239,926",,,,,,,,,,
,BiXIDA*,4,"4,015","152,659","4,015","152,661",,,,,,,,,,
7,XMM,-2,OOM,OOM,OOM,OOM,,,,,,,,,,
,XMM,-1,OOM,OOM,OOM,OOM,,,,,,,,,,
,XMM,1,OOM,OOM,OOM,OOM,,,,,,,,,,
,XMM,2,OOM,OOM,OOM,OOM,,,,,,,,,,
,XMM,3,OOM,OOM,OOM,OOM,,,,,,,,,,
,XMM,4,OOM,OOM,OOM,OOM,,,,,,,,,,
,XA*,-2,OOM,OOM,OOM,OOM,,,,,,,,,,
,XA*,-1,OOM,OOM,OOM,OOM,,,,,,,,,,
,XA*,1,OOM,OOM,OOM,OOM,,,,,,,,,,
,XA*,2,OOM,OOM,OOM,OOM,,,,,,,,,,
,XA*,3,OOM,OOM,OOM,OOM,,,,,,,,,,
,XA*,4,OOM,OOM,OOM,OOM,,,,,,,,,,
,BiXA*,-2,OOM,OOM,OOM,OOM,,,,,,,,,,
,BiXA*,-1,OOM,OOM,OOM,OOM,,,,,,,,,,
,BiXA*,1,OOM,OOM,OOM,OOM,,,,,,,,,,
,BiXA*,2,OOM,OOM,OOM,OOM,,,,,,,,,,
,BiXA*,3,OOM,OOM,OOM,OOM,,,,,,,,,,
,BiXA*,4,OOM,OOM,OOM,OOM,,,,,,,,,,
,XDFBnB,-2,"1,282,672","15,239,338",,,,,,,,,,,,
,XDFBnB,-1,"1,282,672","18,577,463",,,,,,,,,,,,
,XDFBnB,1,"1,282,672","15,978,984",,,,,,,,,,,,
,XDFBnB,2,"58,185","689,338",,,,,,,,,,,,
,XDFBnB,3,"97,481","6,672,965",,,,,,,,,,,,
,XDFBnB,4,"530,899","6,994,349",,,,,,,,,,,,
,BiXDFBnB,-2,,,,,,,,,,,,,,
,BiXDFBnB,-1,,,,,,,,,,,,,,
,BiXDFBnB,1,,,,,,,,,,,,,,
,BiXDFBnB,2,,,,,,,,,,,,,,
,BiXDFBnB,3,,,,,,,,,,,,,,
,BiXDFBnB,4,,,,,,,,,,,,,,
,XIDA*,-2,,,,,,,,,,,,,,
,XIDA*,-1,,,,,,,,,,,,,,
,XIDA*,1,,,,,,,,,,,,,,
,XIDA*,2,,,,,,,,,,,,,,
,XIDA*,3,,,,,,,,,,,,,,
,XIDA*,4,,,,,,,,,,,,,,
,BiXIDA*,-2,,,,,,,,,,,,,,
,BiXIDA*,-1,,,,,,,,,,,,,,
,BiXIDA*,1,,,,,,,,,,,,,,
,BiXIDA*,2,,,,,,,,,,,,,,
,BiXIDA*,3,,,,,,,,,,,,,,
,BiXIDA*,4,,,,,,,,,,,,,,

